구분,담당부서,대수,위치,촬영범위,설치목적(공개장소일 경우에만 작성),"세부목적(청사보안, 무인계도, 산불감시 등 자세하게 작성)"
1,본사,41,청사 내외부,청사 내외부,시설안전 및 화재예방,청사보안
1,지리산경남,1,지리산경남사무소 입구,사무소 출입구,시설안전 및 화재예방,시설관리
2,지리산경남,7,지리산경남사무소,사무소 주변,시설안전 및 화재예방,시설관리
3,지리산경남,1,촛대봉(청학연못방향),촛대봉 울타리 밖(청학연못 방향),범죄예방,무인계도
4,지리산경남,1,천왕봉(칠선계곡입구),칠선계곡 입구,범죄예방,무인계도
5,지리산경남,1,목통,목통 입구,범죄예방,무인계도
6,지리산경남,1,국골입구,국골 입구 샛길,범죄예방,무인계도
7,지리산경남,1,도솔암 입구,도솔암 입구 샛길,범죄예방,무인계도
8,지리산경남,1,도장골 입구,도장골 입구 샛길,범죄예방,무인계도
9,지리산경남,1,조개골 입구,조개골 입구 샛길,범죄예방,무인계도
10,지리산경남,1,장당계곡 입구,장당계곡 입구,범죄예방,무인계도
11,지리산경남,5,치밭목대피소,치밭목대피소 일대,시설안전 및 화재예방,시설관리
12,지리산경남,9,화개탐방안내소,"안내소 내, 외 등",시설안전 및 화재예방,시설관리
13,지리산경남,2,자생식물관찰원,관리소 출입구,시설안전 및 화재예방,시설관리
14,지리산경남,2,중산리관광단지,"천왕봉, 지리산능선",시설안전 및 화재예방,시설관리
15,지리산경남,2,세석대피소,대피소 주변,시설안전 및 화재예방,시설관리
16,지리산경남,1,장터목대피소,대피소 주변,시설안전 및 화재예방,시설관리
17,지리산경남,2,장터목대피소,대피소 주변 능선,시설안전 및 화재예방,시설관리
18,지리산경남,1,중산리 주차장,중산리 주차장,시설안전 및 화재예방,시설관리
19,지리산경남,3,소막골야영장,소막골야영장 내,범죄예방,탐방객안전 및 시설관리
20,지리산경남,8,각 탐방로 입구,탐방로 입구,범죄예방,탐방객안전 및 시설관리
21,지리산경남,16,각 화장실 입구,화장실 입구,범죄예방,탐방객안전 및 시설관리
22,지리산경남,6,대원사길,대원사계곡길 일대,범죄예방,탐방객안전 및 시설관리
23,지리산경남,10,벽소령대피소,대피소 주변,시설안전 및 화재예방,시설관리
24,지리산경남,5,로타리대피소,대피소 주변,시설안전 및 화재예방,시설관리
25,지리산경남,7,세석대피소,대피소 주변,시설안전 및 화재예방,시설관리
26,지리산경남,1,장터목대피소,대피소 주변,시설안전 및 화재예방,시설관리
27,지리산경남,1,백무동탐방지원센터,탐방로 입구,범죄예방,탐방객안전 및 시설관리
28,지리산경남,7,내원야영장,내원야영장 내,범죄예방,탐방객안전 및 시설관리
29,지리산경남,3,소막골야영장,소막골야영장 내,범죄예방,탐방객안전 및 시설관리
30,지리산경남,2,"산청분소, 탐방로입구","산청분소, 탐방로입구",범죄예방,탐방객안전 및 시설관리
31,지리산경남,3,삼장분소,"삼장분소, 탐방로",시설안전 및 화재예방,시설관리
32,지리산경남,3,함양분소,함양분소 주변,시설안전 및 화재예방,시설관리
33,지리산경남,2,장터목대피소,대피소 주변,시설안전 및 화재예방,시설관리
34,지리산경남,5,장터목대피소,대피소 주변,시설안전 및 화재예방,시설관리
35,지리산경남,1,세석대피소,대피소 주변,시설안전 및 화재예방,시설관리
36,지리산경남,1,대원사계곡(용소),계곡 주변,시설안전 및 화재예방,탐방객 안전 및 무인계도
37,지리산경남,1,대원사계곡(일주문),계곡 주변,시설안전 및 화재예방,탐방객 안전 및 무인계도
38,지리산경남,1,대원사계곡(대원주차장),계곡 주변,시설안전 및 화재예방,탐방객 안전 및 무인계도
39,지리산경남,1,의신마을(베어빌리지),마을 주변,시설안전 및 화재예방,탐방객 안전 및 무인계도
40,지리산경남,1,의신계곡(구 헬기장 아래),계곡 주변,시설안전 및 화재예방,탐방객 안전 및 무인계도
41,지리산경남,1,의신계곡(용소),계곡 주변,시설안전 및 화재예방,탐방객 안전 및 무인계도
42,지리산경남,1,백무동계곡(백무동주차장 위),계곡 주변,시설안전 및 화재예방,탐방객 안전 및 무인계도
43,지리산경남,1,칠선계곡(용소 30m 앞),계곡 주변,시설안전 및 화재예방,탐방객 안전 및 무인계도
44,지리산경남,2,산청분소 주차장,중산리주차장,시설안전 및 화재예방,시설관리
45,지리산경남,10,산청분소 주차장,중산리주차장,시설안전 및 화재예방,시설관리
46,지리산전북사무소,4,뱀사골힐링야영장,야영장 전경,범죄예방,야영객 안전 및 범죄예방
47,지리산전북사무소,3,뱀사골자동차야영장,야영장 전경,범죄예방,야영객 안전 및 범죄예방
48,지리산전북사무소,14,달궁자동차야영장,야영장 전경,범죄예방,야영객 안전 및 범죄예방
49,지리산전북사무소,4,달궁힐링야영장,야영장 전경,범죄예방,야영객 안전 및 범죄예방
50,지리산전북사무소,8,덕동자동차야영장,야영장 전경,범죄예방,야영객 안전 및 범죄예방
51,지리산전북사무소,5,연하천대피소,대피소 전경,시설안전 및 화재예방,산불감시
52,지리산전북사무소,1,바래봉,탐방로 전경,범죄예방,산불감시
53,지리산전북사무소,9,학천야영장,야영장 전경,범죄예방,야영객 안전 및 범죄예방
54,지리산전북사무소,1,반선교,계곡 주변,범죄예방,탐방객 안전 및 범죄예방
55,지리산전북사무소,1,구룡주차장,구룡주차장,범죄예방,탐방객 안전 및 범죄예방
56,지리산전북사무소,2,삼곡교,삼곡교 전경,범죄예방,탐방객 안전 및 범죄예방
57,지리산전북사무소,1,구룡폭포,구룡폭포 전경,범죄예방,탐방객 안전 및 범죄예방
58,지리산전북사무소,1,고기탐방로,탐방로 전경,범죄예방,탐방객 안전 및 범죄예방
59,지리산전북사무소,1,산덕임도,탐방로 전경,범죄예방,탐방객 안전 및 범죄예방
60,지리산전북사무소,1,바래봉탐방지원센터,탐방로 전경,범죄예방,탐방객 안전 및 범죄예방
61,지리산전북사무소,1,전북학생교육원,탐방로 전경,범죄예방,탐방객 안전 및 범죄예방
62,지리산전북사무소,1,월평탐방로,탐방로 전경,범죄예방,탐방객 안전 및 범죄예방
63,지리산전북사무소,1,팔랑마을,탐방로 전경,범죄예방,탐방객 안전 및 범죄예방
64,지리산전북사무소,1,부운마을,탐방로 전경,범죄예방,탐방객 안전 및 범죄예방
65,지리산전북사무소,1,쟁기소,탐방로 전경,범죄예방,탐방객 안전 및 범죄예방
66,지리산전북사무소,1,정령치휴게소,휴게소 전경,범죄예방,탐방객 안전 및 범죄예방
67,지리산전북사무소,1,요룡대화장실,화장실 외부,범죄예방,탐방객 안전 및 범죄예방
68,지리산전북사무소,1,반선화장실,화장실 외부,범죄예방,탐방객 안전 및 범죄예방
69,지리산전북사무소,1,반선주차장화장실,화장실 외부,범죄예방,탐방객 안전 및 범죄예방
70,지리산전북사무소,1,학천주차장화장실,화장실 외부,범죄예방,탐방객 안전 및 범죄예방
71,지리산전북사무소,2,사무소,사무소 외부,시설안전 및 화재예방,탐방객 안전 및 범죄예방
72,지리산전북사무소,1,명선봉,산 능선,시설안전 및 화재예방,탐방객 안전 및 범죄예방
73,지리산전북사무소,1,화개재,산 능선,시설안전 및 화재예방,탐방객 안전 및 범죄예방
74,지리산전북사무소,2,육모정화장실,육모정 전경,범죄예방,탐방객 안전 및 범죄예방
75,지리산전북사무소,2,구룡 용소,용소 전경,범죄예방,탐방객 안전 및 범죄예방
76,지리산전북사무소,3,뱀사골 매표소,매표소 전경,범죄예방,탐방객 안전 및 범죄예방
77,지리산전북사무소,1,요룡대,요룡대 전경,범죄예방,탐방객 안전 및 범죄예방
78,지리산전북사무소,2,용소,용소 및 계곡 주변,범죄예방,탐방객 안전 및 범죄예방
79,지리산전북사무소,2,기영소,기영소 및 계곡 주변,범죄예방,탐방객 안전 및 범죄예방
80,지리산전남사무소,2,자생식물원,유리온실 내외부,시설안전 및 화재예방,"유리온실 보안, 화재예방 등"
81,지리산전남사무소,1,노고단대피소,노고단고개 방향 초입,시설안전 및 화재예방,시설안전 및 화재예방
82,지리산전남사무소,1,노고단대피소,노고단고개,시설안전 및 화재예방,시설안전 및 화재예방
83,지리산전남사무소,1,노고단대피소,화장실 방향,시설안전 및 화재예방,시설안전 및 화재예방
84,지리산전남사무소,1,노고단대피소,취사장 방향,시설안전 및 화재예방,시설안전 및 화재예방
85,지리산전남사무소,1,노고단대피소,대피소 1층 로비,시설안전 및 화재예방,시설안전 및 화재예방
86,지리산전남사무소,1,노고단대피소,대피소 2층 복도,시설안전 및 화재예방,시설안전 및 화재예방
87,지리산전남사무소,1,노고단대피소,취사장 내부,시설안전 및 화재예방,시설안전 및 화재예방
88,지리산전남사무소,1,성삼재주차장,주차장 입구,시설안전 및 화재예방,시설안전 및 화재예방
89,지리산전남사무소,1,성삼재주차장,소형주차장 입구,시설안전 및 화재예방,시설안전 및 화재예방
90,지리산전남사무소,1,성삼재주차장,휴게소 데크,시설안전 및 화재예방,시설안전 및 화재예방
91,지리산전남사무소,1,성삼재주차장,게시대 옆,시설안전 및 화재예방,시설안전 및 화재예방
92,지리산전남사무소,1,성삼재주차장,소형주차장 상단,시설안전 및 화재예방,시설안전 및 화재예방
93,지리산전남사무소,3,성삼재주차장,소형주차장 하단,시설안전 및 화재예방,시설안전 및 화재예방
94,지리산전남사무소,1,탐방안내소,기획전시실,시설안전 및 화재예방,시설안전 및 화재예방
95,지리산전남사무소,1,청사,현관 내부,시설안전 및 화재예방,청사보안
96,지리산전남사무소,1,청사,현관 외부,시설안전 및 화재예방,청사보안
97,지리산전남사무소,1,청사,지원동 후문 외부,시설안전 및 화재예방,청사보안
98,지리산전남사무소,1,청사,지원동 서문 외부,시설안전 및 화재예방,청사보안
99,지리산전남사무소,1,청사,지원동 정문 외부,시설안전 및 화재예방,청사보안
100,지리산전남사무소,2,화엄사주차장화장실,화장실 입구,범죄예방,범죄예방
101,지리산전남사무소,1,화엄사일주문화장실,화장실 입구,범죄예방,범죄예방
102,지리산전남사무소,1,금정암화장실,화장실 입구,범죄예방,범죄예방
103,지리산전남사무소,1,천은사주차장화장실,화장실 입구,범죄예방,범죄예방
104,지리산전남사무소,2,성삼재주차장화장실,화장실 입구,범죄예방,범죄예방
105,지리산전남사무소,1,피아골주차장화장실,화장실 입구,범죄예방,범죄예방
106,지리산전남사무소,1,천은사탐방로입구,탐방로 입구,범죄예방,범죄예방
107,지리산전남사무소,1,만복대탐방로입구,탐방로 입구,범죄예방,범죄예방
108,지리산전남사무소,1,당동마을탐방로입구,탐방로 입구,범죄예방,범죄예방
109,지리산전남사무소,1,상위마을탐방로입구,탐방로 입구,범죄예방,범죄예방
110,지리산전남사무소,1,성삼재분소,만복대능선 일원,시설안전 및 화재예방,산불감시
111,지리산전남사무소,1,KBS중계소 앞,화엄계곡 일원,시설안전 및 화재예방,산불감시
112,지리산전남사무소,1,노고단정상,문수계곡 일원,시설안전 및 화재예방,산불감시
113,지리산전남사무소,1,천은사주차장,천은사계곡 일원,시설안전 및 화재예방,산불감시
114,지리산전남사무소,1,통꼭봉 정상,피아골계곡 일원,,산불감시
115,지리산전남사무소,4,심원계곡,심원계곡 일원,,복원지 모니터링
116,지리산전남사무소,1,노고단정상부 하단,심원계곡 일원,시설안전 및 화재예방,복원지 모니터링
117,지리산전남사무소,1,KBS중계소샛길 입구,(무인계도)노고단정상 샛길 입구 일원,범죄예방,불법산행 및 범죄 감시
118,지리산전남사무소,1,왕시루봉샛길 입구,(무인계도)왕시루봉 샛길 입구 일원,범죄예방,불법산행 및 범죄 감시
119,지리산전남사무소,2,성삼재주차장,(안전사고및범죄예방)소형 3주차장,범죄예방,범죄예방
120,지리산전남사무소,1,성삼재주차장,(안전사고및범죄예방)소형 1주차장,범죄예방,범죄예방
121,지리산전남사무소,1,성삼재탐방로입구,성삼재탐방지원센터 일원,범죄예방,범죄예방
122,지리산전남사무소,1,피아골계곡,직전마을~표고막터 일원,범죄예방,범죄예방
123,지리산전남사무소,1,화엄사입구,화엄치유탐방로 일원,범죄예방,범죄예방
124,지리산전남사무소,1,직전마을입구,직전마을 일원,범죄예방,범죄예방
125,지리산전남사무소,1,화엄계곡,화엄계곡 일원,범죄예방,안전사고 예방
126,지리산전남사무소,4,성삼재주차장,(안전사고및범죄예방)성삼재주차장 일원,시설안전 및 화재예방,시설안전 및 화재예방
127,지리산전남사무소,1,심원특별보호구역,(무인계도)심원계곡특별보호구역 일원,범죄예방,"불법행위 감시, 산불감시 등"
128,지리산전남사무소,1,노고단종석대입구,(무인계도)노고단종석대입구,범죄예방,불법산행 및 범죄 감시
129,지리산전남사무소,2,지리산전남 자원봉사센터,봉사센터 외부,시설안전 및 화재예방,"시설 보안 및 범죄예방, 화재예방"
130,지리산전남사무소,1,천은사산문 입구,(안전사고및범죄예방)탐방로 입구,범죄예방,범죄예방
131,지리산전남사무소,1,천은제 입구,(안전사고및범죄예방)탐방로 입구,범죄예방,범죄예방
132,경주사무소,1,용장골 입구,용장골 탐방로 일원,범죄예방,안전사고 및 범죄 예방
133,경주사무소,1,삼릉 입구,삼릉 탐방로 일원,범죄예방,안전사고 및 범죄 예방
134,경주사무소,1,상서장 입구,상서장 탐방로 일원,범죄예방,안전사고 및 범죄 예방
135,경주사무소,1,칠불암 입구,칠불암 탐방로 일원,범죄예방,안전사고 및 범죄 예방
136,경주사무소,1,석굴암 공원지킴터,석굴암 탐방로 일원,범죄예방,안전사고 및 범죄 예방
137,경주사무소,1,금학산 정상,"화랑지구, 서악지구",시설안전 및 화재예방,산불감시
138,경주사무소,1,암곡 탐방지원센터,암곡 탐방로 진입부,범죄예방,안전사고 및 범죄 예방
139,경주사무소,1,석굴암 공원지킴터,토함산 탐방로 진입부,범죄예방,안전사고 및 범죄 예방
140,경주사무소,1,동남산 공원지킴터,국사골탐방로 일원,범죄예방,안전사고 및 범죄 예방
141,경주사무소,1,서남산 공원지킴터,포석정 탐방로 일원,범죄예방,안전사고 및 범죄 예방
142,경주사무소,3,새갓골 지킴터,"새갓골, 백운암 일원",범죄예방,안전사고 및 범죄 예방
143,경주사무소,1,황용동 일원,황용동 일원,범죄예방,무인계도
144,경주사무소,1,삼릉 탐방지원센터,삼릉 탐방로 일원,범죄예방,안전사고 및 범죄 예방
145,경주사무소,1,토함산 탐방지원센터,토함산 탐방로 일원,범죄예방,안전사고 및 범죄 예방
146,경주사무소,1,용장골 공원지킴터,용장골 탐방로 일원,범죄예방,안전사고 및 범죄 예방
147,경주사무소,1,구미산 공원지킴터,구미산 탐방로 일원,범죄예방,안전사고 및 범죄 예방
148,경주사무소,1,신선사 공원지킴터,신선사 탐방로 일원,범죄예방,안전사고 및 범죄 예방
149,경주사무소,1,당고개 입구,당고개 탐방로 일원,범죄예방,안전사고 및 범죄 예방
150,경주사무소,1,천우사 입구,천우사 탐방로 일원,범죄예방,안전사고 및 범죄 예방
151,경주사무소,1,굴불사지 입구,굴불사지 탐방로 일원,범죄예방,안전사고 및 범죄 예방
152,경주사무소,1,오동수 화장실 일원,오동수 화장실 일원,범죄예방,안전사고 및 범죄 예방
153,경주사무소,1,용담정 화장실 일원,용담정 화장실 일원,범죄예방,안전사고 및 범죄 예방
154,경주사무소,1,동남산 화장살 일원,동남산 화장실 일원,범죄예방,안전사고 및 범죄 예방
155,경주사무소,1,옥룡암 일원,옥룡암 일원,범죄예방,무인계도
156,경주사무소,1,망월사 일원,망월사 일원,범죄예방,무인계도
157,경주사무소,1,용산서원 일원,용산서원 일원,범죄예방,무인계도
158,경주사무소,2,본소,본소 일원,범죄예방,청사보안
159,경주사무소,1,남산분소,남산분소 일원,범죄예방,청사보안
160,경주사무소,1,토함산분소,토함산분소 일원,범죄예방,청사보안
161,경주사무소,1,건천분소,건천분소 일원,범죄예방,청사보안
162,경주사무소,1,암곡 화장실,화장실 및 탐방로,범죄예방,안전사고 및 범죄 예방
163,경주사무소,1,벽도산 정상,"화랑지구, 남산",시설안전 및 화재예방,산불감시
164,경주사무소,1,옥녀봉 정상,"서악지구, 남산",시설안전 및 화재예방,산불감시
165,경주사무소,1,무장봉 정상,무장봉 일대,시설안전 및 화재예방,산불감시
166,경주사무소,1,토함산 정상,토함산 일대,시설안전 및 화재예방,산불감시
167,계룡산사무소,1,신선봉,"상,하신리 / 치개봉 일부",시설안전 및 화재예방,산불감시
168,계룡산사무소,1,갑하산,"치개봉,천황봉,삼불봉,장군봉(온천지구)",시설안전 및 화재예방,산불감시
169,계룡산사무소,2,계룡산야영장,야영장 입구 일원,시설안전 및 화재예방,산불감시
170,계룡산사무소,1,민목재 생태통로,민목재 생태통로 일원,시설안전 및 화재예방,산불감시
171,계룡산사무소,1,민목재 입구,민목재 입구 일원,범죄예방,산불감시
172,계룡산사무소,1,천정골 입구,천정골 입구 일원,범죄예방,산불감시
173,계룡산사무소,1,병사골 입구,병사골 입구 일원,범죄예방,산불감시
174,계룡산사무소,1,상신리 입구,상신리 입구 일원,범죄예방,산불감시
175,계룡산사무소,2,사무소 입구,사무소 입구 일원,시설안전 및 화재예방,산불감시
176,계룡산사무소,2,수통골분소,수통골분소 일원,시설안전 및 화재예방,산불감시
177,계룡산사무소,1,갑사분소,갑사분소 일원,시설안전 및 화재예방,산불감시
178,계룡산사무소,1,관음봉 고개,관음봉 고개 샛길 입구,범죄예방,무인계도시스템
179,계룡산사무소,1,괴목정 샛길,괴목정 고개 샛길 입구,범죄예방,무인계도시스템
180,계룡산사무소,1,갑사탐방지원센터,갑사탐방지원센터,범죄예방,청사보안
181,계룡산사무소,1,동학사매표소,동학사매표소,범죄예방,청사보안
182,계룡산사무소,1,빈계산지킴터 입구,빈계산지킴터 입구,범죄예방,청사보안
183,계룡산사무소,1,삽재 입구,삽재 입구,범죄예방,탐방로보안
184,계룡산사무소,1,수통골주차장 입구,수통골주차장 입구,범죄예방,청사보안
185,계룡산사무소,1,수통골탐방지원센터,수통골탐방지원센터,범죄예방,청사보안
186,계룡산사무소,1,신원사 입구,신원사 입구,범죄예방,탐방로보안
187,계룡산사무소,1,지석골탐방지원센터,지석골탐방지원센터,범죄예방,청사보안
188,계룡산사무소,2,"수통골 재난CCTV(저수지, 폭포)","수통골 저수지, 폭포 일원",범죄예방,안전사고 예방
189,계룡산사무소,1,삼불봉 고개,삼불봉 고개 샛길 입구,범죄예방,무인계도시스템
190,계룡산사무소,1,용암저수지,용암저수지 일원,범죄예방,무인계도시스템
191,계룡산사무소,1,남매탑 쉼터,남매탑 쉼터 일원,범죄예방,안전사고 예방
192,계룡산사무소,1,동월계곡 화장실,동월계곡 화장실 일원,범죄예방,안전사고 예방
193,계룡산사무소,1,남매탑 입구,남매탑 입구,범죄예방,탐방로보안
194,계룡산사무소,1,동월계곡 ,동월계곡 ,범죄예방,안전사고 예방
195,계룡산사무소,1,양화저수지,천황봉일원,범죄예방,산불감시
196,한려해상사무소,5,복곡저수지주차장,복곡저수지주차장 일대,시설안전 및 화재예방,시설관리
197,한려해상사무소,1,복곡저수지주차장,복곡저수지주차장 일대,시설안전 및 화재예방,시설관리
198,한려해상사무소,1,복곡저수지주차장,복곡저수지주차장 일대,시설안전 및 화재예방,시설관리
199,한려해상사무소,1,구 금산분소 입구,구 금산분소 입구,시설안전 및 화재예방,시설관리
200,한려해상사무소,1,보리암입구주차장,보리암입구주차장 일대,시설안전 및 화재예방,시설관리
201,한려해상사무소,6,보리암입구주차장,보리암입구주차장 일대,시설안전 및 화재예방,시설관리
202,한려해상사무소,10,금산분소주차장,금산분소주차장 일대,시설안전 및 화재예방,시설관리
203,한려해상사무소,2,금산분소,금산분소 일대,시설안전 및 화재예방,청사보안
204,한려해상사무소,1,금산입구화장실,금산입구 화장실,시설안전 및 화재예방,탐방객안전 및 시설관리
205,한려해상사무소,4,노량분소입구,노량분소 일대,시설안전 및 화재예방,청사보안
206,한려해상사무소,1,한려해상사무소 입구,사천청사 출입구,시설안전 및 화재예방,청사보안
207,한려해상사무소,1,이락사(남해군 고현면),이락사 갯벌,시설안전 및 화재예방,무인계도
208,한려해상사무소,1,금평교(남해군 이동면),금평교 비정규탐방로,시설안전 및 화재예방,무인계도
209,한려해상사무소,1,금산 상사암,금산 상사암 일원,시설안전 및 화재예방,무인계도
210,한려해상사무소,1,금산탐방로 입구,금산탐방로 입구(원격조종),시설안전 및 화재예방,탐방객 안전
211,한려해상사무소,1,두모탐방로 입구,두모탐방로 입구(원격조종),시설안전 및 화재예방,탐방객 안전
212,한려해상사무소,1,금산정상 헬기장,금산정상 헬기장(원격조종),시설안전 및 화재예방,탐방객 안전
213,한려해상사무소,1,복곡제2주차장,복곡제2주차장 탐방지원센터(원격조종),시설안전 및 화재예방,탐방객 안전
214,한려해상사무소,1,복곡화장실,복곡화장실여자화장실입구,범죄예방,탐방객안전 및 시설관리
215,한려해상사무소,1,노량화장실,노량화장실여자화장실입구,범죄예방,탐방객안전 및 시설관리
216,한려해상사무소,3,복곡주차장,복곡진입도로 일원,교통정보 수집분석 및 제공,시설관리
217,한려해상사무소,1,각산전망대,각산전망대 일원,시설안전 및 화재예방,산불감시
218,한려해상사무소,1,초양탐방지원센터,초양탐방지원센터 일원,시설안전 및 화재예방,산불감시
219,한려해상사무소,1,노량대교 홍보관,노량대교 홍보관 일원,시설안전 및 화재예방,산불감시
220,한려해상사무소,1,금산산불초소,금산산불초소 일원,시설안전 및 화재예방,산불감시
221,한려해상사무소,1,금산중매소,금산중매소 일원,시설안전 및 화재예방,산불감시
222,한려해상사무소,1,홍현리(남면),홍현리(남면) 일원,시설안전 및 화재예방,산불감시
223,설악산사무소,1,사무소,사무소 입구,시설안전 및 화재예방,청사보안
224,설악산사무소,1,주봉산,주봉산 일원,,산불감시
225,설악산사무소,1,미시령,미시령 일원,,산불감시
226,설악산사무소,1,권금성,권금성 일원,,산불감시
227,설악산사무소,2,미시령정상 능선,미시령 일원,시설안전 및 화재예방,산불감시
228,설악산사무소,1,설악동탐방지원센터-1,소공원 일원,시설안전 및 화재예방,탐방안전
229,설악산사무소,1,설악동탐방지원센터-2,설악동탐방지원센터 내부,시설안전 및 화재예방,탐방안전
230,설악산사무소,1,안전관리반 사무실,안전관리반 사무실 일원,시설안전 및 화재예방,탐방안전
231,설악산사무소,1,설악동 야영장 관리동,설악동 야영장 관리동 일원,시설안전 및 화재예방,탐방안전
232,설악산사무소,1,설악동 야영장 대청화장실,대청화장실 일원,시설안전 및 화재예방,탐방안전
233,설악산사무소,1,설악동 야영장 중청화장실,중청화장실 일원,시설안전 및 화재예방,탐방안전
234,설악산사무소,1,설악동 야영장 소청화장실,소청화장실 일원,시설안전 및 화재예방,탐방안전
235,설악산사무소,1,설악동 야영장 끝청화장실,끝청화장실 일원,시설안전 및 화재예방,탐방안전
236,설악산사무소,1,소공원 주차장 화장실,소공원 주차장 화장실 일원,시설안전 및 화재예방,탐방안전
237,설악산사무소,1,소공원 화장실,소공원 화장실 일원,시설안전 및 화재예방,탐방안전
238,설악산사무소,2,외설악 화장실,외설악 화장실 일원,시설안전 및 화재예방,탐방안전
239,설악산사무소,1,비룡 화장실,비룡 화장실 일원,시설안전 및 화재예방,탐방안전
240,설악산사무소,1,토왕골 화장실,토왕골 화장실 일원,시설안전 및 화재예방,탐방안전
241,설악산사무소,1,흔들바위 화장실(계조암-가),흔들바위 화장실 일원,시설안전 및 화재예방,탐방안전
242,설악산사무소,1,울산바위 화장실 계조암-나),울산바위 화장실 일원,시설안전 및 화재예방,탐방안전
243,설악산사무소,1,와선대 화장실,와선대 화장실 일원,시설안전 및 화재예방,탐방안전
244,설악산사무소,1,비선대탐방지원센터,비선대탐방지원센터 일원,시설안전 및 화재예방,탐방안전
245,설악산사무소,1,비선대 탐방로,비선대 탐방로 일원,시설안전 및 화재예방,탐방안전
246,설악산사무소,1,울산바위 탐방로,울산바위 탐방로 일원,시설안전 및 화재예방,탐방안전
247,설악산사무소,1,비룡교,비룡교 일원,시설안전 및 화재예방,탐방안전
248,설악산사무소,1,비선대-1,비선대 일원,시설안전 및 화재예방,탐방안전
249,설악산사무소,1,,비선대 일원,시설안전 및 화재예방,탐방안전
250,설악산사무소,1,비선대-2,비선대 일원,시설안전 및 화재예방,탐방안전
251,설악산사무소,1,,비선대 일원,시설안전 및 화재예방,탐방안전
252,설악산사무소,1,중청대피소 1취사장,중청대피소 1취사장 내부,시설안전 및 화재예방,시설안전 및 화재예방
253,설악산사무소,1,중청대피소 2취사장,중청대피소 2취사장 내부,시설안전 및 화재예방,시설안전 및 화재예방
254,설악산사무소,1,중청대피소 보일러실,중청대피소 보일러실 내부,,시설안전 및 화재예방
255,설악산사무소,1,중청대피소 입구,중청대피소 입구,시설안전 및 화재예방,탐방안전
256,설악산사무소,1,중청대피소 발전실,중청대피소 발전실 내부,,시설안전 및 화재예방
257,설악산사무소,2,중청대피소 지붕,중청대피소 일원,시설안전 및 화재예방,탐방안전
258,설악산사무소,1,중청대피소 복도,중청대피소 복도,시설안전 및 화재예방,탐방안전
259,설악산사무소,1,중청대피소 외부 기둥,대청봉 및 외설악,시설안전 및 화재예방,탐방안전
260,설악산사무소,1,소청대피소 탐방지원실 앞,소청대피소 탐방지원실 일원,시설안전 및 화재예방,탐방안전
261,설악산사무소,1,소청대피소 발전실,소청대피소 발전실 내부,,시설안전 및 화재예방
262,설악산사무소,1,소청대피소 직원 출입구,소청대피소 간이화장실 일원,시설안전 및 화재예방,탐방안전
263,설악산사무소,1,소청대피소 취사장,소청대피소 취사장 내부,시설안전 및 화재예방,시설안전 및 화재예방
264,설악산사무소,1,양폭대피소 탐방지원실 앞,양폭대피소 탐방지원실 일원,시설안전 및 화재예방,탐방안전
265,설악산사무소,1,양폭대피소 지붕,양폭대피소 일원(천불동계곡 방향),시설안전 및 화재예방,탐방안전
266,설악산사무소,2,수렴동대피소 전신주,수렴동대피소 일원(영시암 및 봉정암 방향),시설안전 및 화재예방,탐방안전
267,설악산사무소,1,수렴동대피소 외벽,수렴동대피소 간이화장실 일원,시설안전 및 화재예방,탐방안전
268,설악산사무소,1,수렴동대피소 취사장,수렴동대피소 취사장 내부,시설안전 및 화재예방,시설안전 및 화재예방
269,설악산사무소,1,백담분소-1,백담분소 차량통제소 일원,시설안전 및 화재예방,탐방안전
270,설악산사무소,1,백담분소-2,백담분소 사무실 입구,시설안전 및 화재예방,청사보안
271,설악산사무소,1,백담탐방지원센터,백담탐방지원센터 일원,시설안전 및 화재예방,탐방안전
272,설악산사무소,1,남교리탐방지원센터,남교리탐방지원센터 일원,시설안전 및 화재예방,탐방안전
273,설악산사무소,1,용대 화장실,용대 화장실 일원,시설안전 및 화재예방,탐방안전
274,설악산사무소,1,백담사 주차장 화장실,백담사 주차장 화장실 일원,시설안전 및 화재예방,탐방안전
275,설악산사무소,1,내설악 화장실,내설악 화장실 일원,시설안전 및 화재예방,탐방안전
276,설악산사무소,1,용아장성-1,용아장성 개구멍 일원,,무인계도
277,설악산사무소,1,용아장성-2,용아장성 사리탑 일원,,무인계도
278,설악산사무소,1,오색분소,오색분소 사무실 입구,시설안전 및 화재예방,청사보안
279,설악산사무소,1,약수터탐방지원센터,약수터탐방지원센터 일원,시설안전 및 화재예방,탐방안전
280,설악산사무소,1,용소폭포탐방지원센터,용소폭포탐방지원센터 일원,시설안전 및 화재예방,탐방안전
281,설악산사무소,1,남설악탐방지원센터,남설악탐방지원센터 일원,시설안전 및 화재예방,탐방안전
282,설악산사무소,1,흘림골탐방지원센터,흘림골탐방지원센터 일원,시설안전 및 화재예방,탐방안전
283,설악산사무소,1,남설악탐방지원센터 화장실,남설악탐방지원센터 화장실 일원,시설안전 및 화재예방,탐방안전
284,설악산사무소,1,장수대분소,장수대분소 사무실 입구,시설안전 및 화재예방,청사보안
285,설악산사무소,1,한계령탐방지원센터,한계령휴게소 일원,시설안전 및 화재예방,탐방안전
286,설악산사무소,1,장수대분소 탐방로,장수대분소 탐방로 일원,시설안전 및 화재예방,탐방안전
287,설악산사무소,1,점봉산분소,점봉산분소 사무실 입구,시설안전 및 화재예방,청사보안
288,설악산사무소,1,곰배골탐방지원센터,곰배골탐방지원센터 일원,시설안전 및 화재예방,탐방안전
289,속리산사무소,1,문장대 꼭대기(철탑),문장대 정상 및 능선일원,시설안전 및 화재예방,산불감시
290,속리산사무소,1,충북 보은군 속리산면 삼가리 산32,삼가리 주변 산,시설안전 및 화재예방,산불감시
291,속리산사무소,1,충북 보은군 속리산면 사내리 산10,사내리 주변 산,시설안전 및 화재예방,산불감시
292,속리산사무소,1,"갈론계곡 지킴터, 충북 괴산군 칠성면 사은리 산5-1",지킴터 입구 도로,범죄예방,차량 통제용
293,속리산사무소,1,"버리미기재, 경북 문경시 가은읍 완장리 산63-1",버리미기재 일원,범죄예방,무인계도
294,속리산사무소,1,문장대 헬기장(밤티방향),문장대 헬기장 일원,범죄예방,무인계도
295,속리산사무소,1,대야산 정상,대야산 정상부 일원,범죄예방,무인계도
296,속리산사무소,1,대야산 중대봉,중대봉 일원,범죄예방,무인계도
297,속리산사무소,1,탈골암화장실,탈골암 화장실 앞,시설안전 및 화재예방,산불감시
298,속리산사무소,1,밤티재,밤티재 비법정탐방로 일원,범죄예방,무인계도
299,속리산사무소,1,눌재,눌재 비법정탐방로 일원,범죄예방,무인계도
300,속리산사무소,1,청석재(쌍곡),청석재 비법정탐방로 일원,범죄예방,무인계도
301,속리산사무소,1,"본소, 충북 보은군 속리산면 법주사로 84",사무소 출입구,범죄예방,청사보안
302,속리산사무소,1,"본소, 충북 보은군 속리산면 법주사로 84",사무소 출입구,범죄예방,청사보안
303,속리산사무소,1,"본소, 충북 보은군 속리산면 법주사로 84",사무소 출입구,범죄예방,청사보안
304,속리산사무소,1,화양동분소,화양동분소출입구,범죄예방,청사보안
305,속리산사무소,1,화양동분소,화양동분소출입구,범죄예방,청사보안
306,속리산사무소,1,화양동분소,화양동탐방지원센터 앞,범죄예방,청사보안
307,속리산사무소,1,화북분소,화북분소 출입구,범죄예방,청사보안
308,속리산사무소,1,화북분소,화북분소 출입구,범죄예방,청사보안
309,속리산사무소,1,쌍곡분소,쌍곡분소 출입구,범죄예방,청사보안
310,속리산사무소,1,쌍곡분소,쌍곡분소 출입구,범죄예방,청사보안
311,속리산사무소,1,세심정,세심정 일원,시설안전 및 화재예방,산불감시
312,속리산사무소,1,세심정,세심정 일원,시설안전 및 화재예방,산불감시
313,속리산사무소,1,용소(쌍곡),용소 주변,시설안전 및 화재예방,물놀이 위험지구 감시
314,속리산사무소,1,호롱소(쌍곡),호롱소 주변,시설안전 및 화재예방,물놀이 위험지구 감시
315,속리산사무소,4,화북 대형주차장,주차장 전체,시설안전 및 화재예방,시설관리
316,속리산사무소,6,화북 소형주차장,주차장 전체,시설안전 및 화재예방,시설관리
317,속리산사무소,1,문장대(관음봉방향),문장대 샛길통제시설 일원,범죄예방,무인계도
318,속리산사무소,1,농바위입구,농바위 입구 일원,범죄예방,무인계도
319,속리산사무소,1,"여적암 묘봉 탐방로 입구,  충북 보은군 속리산면 사내리 320",탐방로 입구,범죄예방,탐방로 모니터링
320,속리산사무소,1,"도화리 천왕봉 탐방로 입구, 충북 보은군 속리산면 도화리 220",탐방로 입구,범죄예방,탐방로 모니터링
321,속리산사무소,1,"만수리 형제봉 탐방로 입구, 충북 보은군 속리산면 만수리 산1-1",탐방로 입구,범죄예방,탐방로 모니터링
322,속리산사무소,1,"장각동 천왕봉 탐방로 입구, 경북 상주시 화북면 상오리 산64-1",탐방로 입구,범죄예방,탐방로 모니터링
323,속리산사무소,1,"옥양폭포 백악산 탐방로 입구, 경북 상주시 화북면 입석리 산90",탐방로 입구,범죄예방,탐방로 모니터링
324,속리산사무소,1,"입석초 백악산 탐방로 입구, 경북 상주시 화북면 입석리 산30-1",탐방로 입구,범죄예방,탐방로 모니터링
325,속리산사무소,1,"첨성대 도명산 탐방로 입구, 충북 괴산군 청천면 화양리 산14-21",탐방로 입구,범죄예방,탐방로 모니터링
326,속리산사무소,1,"자연학습원 지킴터 초소, 충북 괴산군 청천면 송면리 산12-2",탐방로 입구,범죄예방,탐방로 모니터링
327,속리산사무소,1,"자연학습원 가령산 탐방로 입구, 충북 괴산군 청천면 송면리 288-2",탐방로 입구,범죄예방,탐방로 모니터링
328,속리산사무소,1,"쌍곡탐방지원센터, 충북 괴산군 칠성면 쌍곡리 188-6",탐방로 입구,범죄예방,탐방로 모니터링
329,속리산사무소,1,"떡바위 칠보산 탐방로 입구, 충북 괴산군 칠성면 쌍곡리 169-10",탐방로 입구,범죄예방,탐방로 모니터링
330,속리산사무소,1,"군자산 탐방로 입구, 충북 괴산군 칠성면 쌍곡리 산23-44",탐방로 입구,범죄예방,탐방로 모니터링
331,속리산사무소,1,"소금강 군자산 탐방로 입구, 충북 괴산군 칠성면 쌍곡리 84-12",탐방로 입구,범죄예방,탐방로 모니터링
332,속리산사무소,1,"갈론계곡 애기봉 탐방로 입구, 충북 괴산군 칠성면 사은리 산6-34",탐방로 입구,범죄예방,탐방로 모니터링
333,속리산사무소,1,"공림사 낙영산 탐방로 입구, 충북 괴산군 청천면 사담리 10-2",탐방로 입구,범죄예방,탐방로 모니터링
334,속리산사무소,1,"용화 지킴터 묘봉 탐방로 입구, 경북 상주시 화북면 운흥리 산22-8",탐방로 입구,범죄예방,탐방로 모니터링
335,속리산사무소,1,"월영대초소, 경북 문경시 가은읍 완장리 산65-1",탐방로 입구,범죄예방,탐방로 모니터링
336,속리산사무소,1,"대야산주차장, 경북 문경시 가은읍 완장리 466-1",탐방로 입구,시설안전 및 화재예방,시설관리
337,속리산사무소,1,"법주 화장실(매표소), 충북 보은군 속리산면 사내리 산1-1",화장실 입구,범죄예방,범죄예방
338,속리산사무소,1,"수정암 화장실, 충북 보은군 속리산면 사내리 256",화장실 입구,범죄예방,범죄예방
339,속리산사무소,1,"세심정 화장실, 충북 보은군 속리산면 사내리 산1-1",화장실 입구,범죄예방,범죄예방
340,속리산사무소,1,"남산 화장실, 충북 보은군 속리산면 사내리 248-3",화장실 입구,범죄예방,범죄예방
341,속리산사무소,1,"만수리 화장실(하), 충북 보은군 속리산면 만수리 산 1-1",화장실 입구,범죄예방,범죄예방
342,속리산사무소,1,"만수계곡 화장실(상), 충북 보은군 속리산면 만수리 64-1",화장실 입구,범죄예방,범죄예방
343,속리산사무소,1,"화양동 화장실(잔디밭A), 충북 괴산군 청천면 화양리 456-1",화장실 입구,범죄예방,범죄예방
344,속리산사무소,1,"능운대 화장실, 충북 괴산군 청천면 화양리 461",화장실 입구,범죄예방,범죄예방
345,속리산사무소,1,"가령산 화장실(자연학습원), 충북 괴산군 청쳔면 송면리 288-3",화장실 입구,범죄예방,범죄예방
346,속리산사무소,1,"와룡폭포 화장실(선유동이동파출소), 충북 괴산군 청천면 관평리 산20",화장실 입구,범죄예방,범죄예방
347,속리산사무소,1,"선유동주차장 화장실, 충북 괴산군 청천면 송면리 226-8",화장실 입구,범죄예방,범죄예방
348,속리산사무소,1,"소금강화장실, 충북 괴산군 칠성면 쌍곡리 산16-2",화장실 입구,범죄예방,범죄예방
349,속리산사무소,1,화양동분소 정문 (실외),화양동분소 출입구,범죄예방,청사보안
350,속리산사무소,1,화양동분소 후문 - 옥외방향,화양동분소 출입구,범죄예방,청사보안
351,속리산사무소,1,화양동분소 실내 1층 - 후문방향,화양동분소 출입구,범죄예방,청사보안
352,속리산사무소,1,화양동분소 주차장,화양동분소 주차장,범죄예방,청사보안
353,속리산사무소,1,화양동분소 실내 1층 - 정문방향,화양동분소 출입구,범죄예방,청사보안
354,속리산사무소,1,화양동분소 실내 2층 - 주방방향,"화양동분소 2층 주방,회의실,탈의실",범죄예방,청사보안
355,속리산사무소,1,화양동분소 실내 2층 - 숙소방향,"화양동분소 2층 숙소, 후문",범죄예방,청사보안
356,속리산사무소,1,자원재활용센터 일원(충북 괴산군 청천면 관평리 114-6),자원재활용센터 일원,범죄예방,쓰레기 투기 방지
357,속리산사무소,1,갈론교 일원(괴산군 칠성면 사은리 940),갈론교 일원,범죄예방,탐방로 모니터링
358,속리산사무소,1,충북 보은군 속리산면 삼가리 산37-11,갈목재 일원,범죄예방,무인계도
359,속리산사무소,1,마방,마방,시설안전 및 화재예방,마필 상시 모니터링
360,속리산사무소,1,마방,마방,시설안전 및 화재예방,마필 상시 모니터링
361,속리산사무소,8,마방,마방,시설안전 및 화재예방,마필 상시 모니터링
362,속리산사무소,2,"사내리 분리수거장, 충북 보은군 속리산면 사내리 267-1",사내리 분리수거장,범죄예방,쓰레기 투기 방지
363,덕유산사무소,1,덕유대체류형숙박시설,체류형숙박시설 주차장 등,범죄예방,무인계도
364,덕유산사무소,1,향적봉대피소 뒤,향적봉 특별보호구역 일원,범죄예방,무인계도
365,덕유산사무소,3,덕유산사무소 외부/야영장관리소,사무소 외부 및 야영장입구,범죄예방,무인계도
366,덕유산사무소,3,"방재마을입구 1개소, 벌한마을입구 2개소",마을입구 일원,범죄예방,무인계도
367,덕유산사무소,2,야영장매표소,야영장매표소 차량 출입구,교통단속,무인계도
368,덕유산사무소,9,광릉요강꽃 보호시설,안성특별보호구역 일원,,시설안전 및 화재예방
369,덕유산사무소,1,경남 거창군 북상면 월성리 산282-3,삿갓재대피소일원,범죄예방,무인계도
370,덕유산사무소,1,전북 무주군 설천면 삼공리 456,덕유대야영장 7영지 일원,범죄예방,무인계도
371,덕유산사무소,1,경남 함양군 서상면 덕유월성로 547-36,영각탐방지원센터 일원,범죄예방,무인계도
372,덕유산사무소,1,전북 무주군 설천면 삼공리 970-1,야영장 일원,범죄예방,무인계도
373,덕유산사무소,1,경남 북상면 월성리 산308,황점 탐방로 일원,범죄예방,무인계도
374,덕유산사무소,1,전북 무주군 설천면 삼공리 산107,백련사 일원,범죄예방,무인계도
375,덕유산사무소,1,경남 겅창군 북상면 송계사길 204,남덕유분소 일원,범죄예방,무인계도
376,덕유산사무소,1,경남 거창군 북상면 병곡리 산9-1,병곡 탐방로 일원,범죄예방,무인계도
377,덕유산사무소,1,경남 거창군 북상면 월성리 산 282,월성 탐방로 일원,범죄예방,무인계도
378,덕유산사무소,1,경남 거창군 고제면 개명리 산22-15,신풍령 탐방로 일원,범죄예방,무인계도
379,덕유산사무소,1,전북 무주군 안성면 공정리 산6-2,안성탐방지원센터 일원,범죄예방,무인계도
380,덕유산사무소,1,전북 무주군 설천면 백련사길 2,덕유대야영장 숲솦놀이터 일원,범죄예방,무인계도
381,덕유산사무소,1,전북 무주군 설천면 백련사길 2,덕유대야영장 친수공간 일원,범죄예방,무인계도
382,덕유산사무소,1,전북 무주군 설천면 만선로 185,설천탐방지원센터 입구 일원,범죄예방,무인계도
383,덕유산사무소,1,전북무주군 적상면 사천리 산144서창공원지킴터,서창탐방로 입구,범죄예방,무인계도
384,덕유산사무소,1,전북 무주군 설천면 삼공리  418-24 일원구천동탐방지원센터,구천동탐방로 입구,범죄예방,무인계도
385,덕유산사무소,1,전북 무주군 설천면 삼공리 산109-7 일원설천봉 탐방로 입구,설천봉 탐방로 입구,범죄예방,무인계도
386,덕유산사무소,1,전북 무주군 적상면 괴목리 산184-1 일원안렴대 탐방로 입구(안국사~남문지),안렴대 탐방로 입구,범죄예방,무인계도
387,덕유산사무소,1,전북 무주군 설천면 심곡리 319-1 일원수성대화장실,수성대 화장실 일원,범죄예방,무인계도
388,덕유산사무소,1,전북 무주군 설천면 심곡리 318 일원파회화장실,파회 화장실 일원,범죄예방,무인계도
389,덕유산사무소,1,전북 무주군 설천면 삼공리 411 일원구천동주차장화장실,구천동주차장 화장실 일원,범죄예방,무인계도
390,덕유산사무소,1,전북 무주군 설천면 삼공리 465 일원월하탄화장실,월하탄 화장실 일원,범죄예방,무인계도
391,덕유산사무소,1,전북 무주군 설천면 삼공리 산63-2 일원(1영지)찌르레기화장실,찌르레기 화장실 일원,범죄예방,무인계도
392,덕유산사무소,1,전북 무주군 설천면 삼공리 산63-2 일원(2영지)구상나무화장실,구상나무 화장실 일원,범죄예방,무인계도
393,덕유산사무소,1,전북 무주군 설천면 삼공리 산60-5(3영지)향적봉화장실,향적봉 화장실 일원,범죄예방,무인계도
394,덕유산사무소,1,전북 무주군 설천면 삼공리 산60-5(3영지)칠봉화장실,칠봉 화장실 일원,범죄예방,무인계도
395,덕유산사무소,1,전북 무주군 설천면 삼공리 산469-2 일원(4영지)모데미풀화장실,모데미풀 화장실 일원,범죄예방,무인계도
396,덕유산사무소,1,전북 무주군 설천면 삼공리 산469-2 일원(4영지)자주솜대화장실,자주솜대 화장실 일원 ,범죄예방,무인계도
397,덕유산사무소,1,전북 무주군 설천면 삼공리 산65-1(5영지)수달화장실,수달 화장실 일원,범죄예방,무인계도
398,덕유산사무소,1,전북 무주군 설천면 삼공리 산65-1(5영지)노루화장실,노루 화장실 일원,범죄예방,무인계도
399,덕유산사무소,1,전북 무주군 설천면 삼공리 산64(6영지)금강모치화장실,금강모지 화장실 일원,범죄예방,무인계도
400,덕유산사무소,1,전북무주군 설천면 삼공리 489 일원(대집회장)송이버섯화장실,송이버섯 화장실 일원,범죄예방,무인계도
401,덕유산사무소,1,전북 무주군 설천면 삼공리 456 일원(7영지)오미자화장실,오미자 화장실 일원,범죄예방,무인계도
402,덕유산사무소,1,전북 무주군 안상면 공정리 산6-2 일원안성탐방지원센터화장실,안성탐방지원센터 화장실 일원,범죄예방,무인계도
403,덕유산사무소,1,경남 함양군 서상면 상남리 산9-1 일원영각탐방지원센터화장실,영각탐방지원센터 화장실 일원,범죄예방,무인계도
404,덕유산사무소,1,전북 무주군 적상면 북창리 산117-1 일원적상주차장화장실,적상주차장 화장실 일원,범죄예방,무인계도
405,덕유산사무소,1,전북 무주군 적상면 북창리 산119-8 일원적상망우리화장실,적상망우리 화장실 일원,범죄예방,무인계도
406,덕유산사무소,1,전북 무주군 설천면 삼공리 산107 일원백련사화장실,백련사 화장실 일원,범죄예방,무인계도
407,덕유산사무소,1,전북 무주군 설천면 삼공리 456-1 일원오토야영장매점화장실,오토야영장매점 화장실 일원,범죄예방,무인계도
408,덕유산사무소,1,원통사 일원,원통사 일원,,범죄예방
409,덕유산사무소,2,향적봉~중봉,향적봉~중봉 탐방로,,범죄예방
410,덕유산사무소,1,동엽령 데크 일원,동엽령 데크,,범죄예방
411,덕유산사무소,1,서봉 정상부,서봉 정상부,,범죄예방
412,덕유산사무소,1,전북 무주군 적상면  괴목리 1537-46치목 탐방로 입구,치목탐방로 입구,,범죄예방
413,덕유산사무소,2,"덕유산사무소 1층, 2층",덕유산사무소 일원,시설안전 및 화재예방,산불감시
414,덕유산사무소,1,구천동탐방지원센터 화장실,구천동탐방지원센터 화장실 일원,범죄예방,무인계도
415,덕유산사무소,2,라제분소 화장실,라제분소 화장실 일원,범죄예방,무인계도
416,덕유산사무소,1,덕유산 관사(야영장관리사동),1층 관사 입구,시설안전 및 화재예방,산불감시
417,덕유산사무소,2,남덕유 분소,"분소 출입구, 진입로",시설안전 및 화재예방,산불감시
418,덕유산사무소,2,적상 분소,"분소 출입구, 진입로",시설안전 및 화재예방,산불감시
419,덕유산사무소,2,삿갓재 대피소,"대피소 정문, 취사장 입구",시설안전 및 화재예방,산불감시
420,덕유산사무소,2,향적봉 대피소,"대피소 정문, 취사장 입구",시설안전 및 화재예방,산불감시
421,덕유산사무소,2,"설천봉, 삿갓봉","설천봉, 삿갓봉 일원",,시설안전 및 화재예방
422,덕유산사무소,3,안성면 공정리 산 6번지 특별보호구역,안성특별보호구역 일원,,범죄예방
423,덕유산사무소,1,구천동이동파출소,구천동 탐방로 일원,범죄예방,무인계도
424,덕유산사무소,2,지킴이구조대 사무실,야영장~백련사 탐방로 입구,범죄예방,무인계도
425,오대산사무소,1,평창군 진부면 동산리 산 2,적멸보궁지킴터,범죄예방,안전사고 및 범죄예방
426,오대산사무소,1,평창군 진부면 동산리 산1,회사거리,범죄예방,안전사고 및 범죄예방
427,오대산사무소,1,홍천군 내면 명개로 313-22,내면,범죄예방,안전사고 및 범죄예방
428,오대산사무소,1,평창군 진부면 동산리 산 1,자생식물원,범죄예방,안전사고 및 범죄예방
429,오대산사무소,1,평창군 대관령면 진고개로 1260-6,진고개 탐방로 입구 일대,범죄예방,안전사고 및 범죄예방
430,오대산사무소,1,평창군 진부면 오대산로 1209,동피골 탐방로 입구 일대,범죄예방,안전사고 및 범죄예방
431,오대산사무소,1,평창군 진부면 오대산로 1209,상원사 주차장 화장실 일대,범죄예방,안전사고 및 범죄예방
432,오대산사무소,1,평창군 진부면 오대산로 1209,상원사 화장실 일대,범죄예방,안전사고 및 범죄예방
433,오대산사무소,1,강릉시 연곡면 소금강길 502,소금강 주차장 화장실 일대,범죄예방,안전사고 및 범죄예방
434,오대산사무소,1,강릉시 연곡면 소금강길 501,소금강상가 주차장 화장실 일대,범죄예방,안전사고 및 범죄예방
435,오대산사무소,1,강릉시 연곡면 소금강길 504,소금강 야영장 만물 화장실 일대,범죄예방,안전사고 및 범죄예방
436,오대산사무소,1,강릉시 연곡면 소금강길 503,소금강 야영장 구룡 화장실 일대,범죄예방,안전사고 및 범죄예방
437,오대산사무소,1,평창군 진부면 동산리,두로령 정상 일대,범죄예방,안전사고 및 범죄예방
438,오대산사무소,1,강릉시 연곡면 소금강길 550,무릉계 탐방로 입구 일대,범죄예방,안전사고 및 범죄예방
439,오대산사무소,1,평창군 진부면 오대산로 1209,월정사 화장실(구주차장) 일대,범죄예방,안전사고 및 범죄예방
440,오대산사무소,1,평창군 진부면 오대산로 1209,오대산 화장실 일대,범죄예방,안전사고 및 범죄예방
441,오대산사무소,1,평창군 진부면 오대산로 1209,동피골 주차장 화장실 일대,범죄예방,안전사고 및 범죄예방
442,오대산사무소,1,강릉시 연곡면 소금강길 505,소금강 주차장 무릉계 화장실,범죄예방,안전사고 및 범죄예방
443,오대산사무소,1,평창군 용평면 지옆골길  1,계방산분소 입구 일대,범죄예방,안전사고 및 범죄예방
444,오대산사무소,1,평창군 진부면 오대산로 2,오대산사무소 입구 일대,범죄예방,안전사고 및 범죄예방
445,오대산사무소,1,평창군 용평면 지옆골길  1,계방산분소 입구 일대,범죄예방,안전사고 및 범죄예방
446,오대산사무소,1,평창군 진부면 오대산로 2,오대산사무소 입구 일대,범죄예방,안전사고 및 범죄예방
447,오대산사무소,1,평창군 진부면 동산리 산1,월정사주차장 여성전용화장실,범죄예방,안전사고 및 범죄예방
448,오대산사무소,1,평창군 진부면 동산리 산1,월정사주차장 여성전용화장실,범죄예방,안전사고 및 범죄예방
449,오대산사무소,1,평창군 진부면 동산리 산1,상원사 ~ 두로령 일대,시설안전 및 화재예방,산불감시
450,오대산사무소,1,평창군 진부면 오대산로 2,오대산국립공원사무소 일대,시설안전 및 화재예방,산불감시
451,오대산사무소,1,평창군 진부면 탑동리 산27,탑동리 일대,시설안전 및 화재예방,산불감시
452,오대산사무소,1,강릉시 연곡면 삼산리 85,소금강자동차야영장 일대,시설안전 및 화재예방,산불감시
453,오대산사무소,1,평창군 용평면 노동리 산1-2,운두령 일대,시설안전 및 화재예방,산불감시
454,오대산사무소,1,이심소,소금강계곡,시설안전 및 화재예방,위험지역 실시간 모니터링
455,오대산사무소,1,식당암,소금강계곡,시설안전 및 화재예방,위험지역 실시간 모니터링
456,오대산사무소,1,노인봉 헬기장,노인봉 헬기장,범죄예방,백두대간 출입금지
457,오대산사무소,1,매봉,매봉,범죄예방,백두대간 출입금지
458,오대산사무소,1,조개동,조개동,범죄예방,특별보호구역 출입금지
459,오대산사무소,1,소황병산(늪),소황병산(늪),범죄예방,특별보호구역 출입금지
460,오대산사무소,1,용수골(소금강제1주차장),용수골(소금강제1주차장),범죄예방,샛길 출입금지
461,오대산사무소,1,월정주차장,월정주차장,범죄예방,안전사고 및 범죄예방
462,오대산사무소,1,두로봉,두로봉,범죄예방,안전사고 및 범죄예방
463,오대산사무소,1,비로봉,비로봉,범죄예방,샛길 출입금지
464,오대산사무소,1,계방산정상,계방산정상,범죄예방,안전사고 및 범죄예방
465,오대산사무소,1,을수골입구,을수골입구,범죄예방,샛길 출입금지
466,오대산사무소,1,큰구지리입구,큰구지리입구,범죄예방,특별보호구역 출입금지
467,오대산사무소,1,작은구지리입구,작은구지리입구,범죄예방,특별보호구역 출입금지
468,오대산사무소,1,평창군 대관령면 병내리 1-2,진고개 탐방로 일대,범죄예방,안전사고 및 범죄예방
469,오대산사무소,1,상원사 탐방지원센터 화장실,상원탐방지원센터 일대,범죄예방,안전사고 및 범죄예방
470,오대산사무소,1,평창군 진부면 척천리 524-3,방아다리 동녘골 일대,범죄예방,안전사고 및 범죄예방
471,주왕산사무소,1,달기폭포 일원(전망대 방향),달기폭포 일원(전망대 방향),시설안전 및 화재예방,무인계도
472,주왕산사무소,1,절골계곡 일원,절골계곡 일원(첫번째 전망대),시설안전 및 화재예방,무인계도
473,주왕산사무소,1,피나무재 일원,피나무재 일원,,무인계도
474,주왕산사무소,1,우설령 일원,우설령 일원,,무인계도
475,주왕산사무소,1,대전사탐방로 입구,대전사탐방로 일원,시설안전 및 화재예방,시설안전
476,주왕산사무소,1,절골탐방로 입구,절골탐방로 일원,시설안전 및 화재예방,시설안전
477,주왕산사무소,1,월외탐방로 입구,월외탐방로 일원,시설안전 및 화재예방,시설안전
478,주왕산사무소,1,주산지탐방로 입구,주산지탐방로 일원,시설안전 및 화재예방,시설안전
479,주왕산사무소,1,기암교 화장실 일원,기암교 화장실 일원,시설안전 및 화재예방,시설안전
480,주왕산사무소,1,자하교 화장실 일원,자하교 화장실 일원,시설안전 및 화재예방,시설안전
481,주왕산사무소,1,학소교 화장실 일원,학소교 화장실 일원,시설안전 및 화재예방,시설안전
482,주왕산사무소,1,절재 일원,절재 일원,시설안전 및 화재예방,산불감시
483,주왕산사무소,1,영덕분소 입구,영덕분소 입구,,청사보안
484,주왕산사무소,1,사무소 입구,사무소 입구,,청사보안
485,주왕산사무소,1,사무소 2층 복도,사무소 2층 일원,,청사보안
486,주왕산사무소,2,상의자동차야영장,상의자동차야영장 일원,시설안전 및 화재예방,시설안전
487,주왕산사무소,1,A 영지 주차장,상의주차장 A영지,시설안전 및 화재예방,시설안전
488,주왕산사무소,1,B 영지 주차장,상의주차장 B영지,시설안전 및 화재예방,시설안전
489,주왕산사무소,1,C 영지 주차장,상의주차장 C영지,시설안전 및 화재예방,시설안전
490,주왕산사무소,1,D 영지 주차장,상의주차장 D영지,시설안전 및 화재예방,시설안전
491,주왕산사무소,1,E 영지 주차장,상의주차장 E영지,시설안전 및 화재예방,시설안전
492,주왕산사무소,2,거대리 일원,거대리 일원,시설안전 및 화재예방,산불감시
493,주왕산사무소,2,절재 일원,절재 일원,시설안전 및 화재예방,산불감시
494,주왕산사무소,2,용연폭포,용연폭포 일원,범죄예방,무인계도
495,주왕산사무소,1,상의주차장 입구,상의주차장 입구,시설안전 및 화재예방,시설안전
496,주왕산사무소,1,대형차량 주차장,상의주차장 대형차량 영지,시설안전 및 화재예방,시설안전
497,주왕산사무소,1,탐방안내소 옥상,상의주차장 일원,시설안전 및 화재예방,시설안전
498,주왕산사무소,3,주산지 일원,주산지 일원,,자원모니터링
499,주왕산사무소,1,주산지 특별보호구역,주산지 특별보호구역 일원,,자원모니터링
500,주왕산사무소,2,상의주차장 입구,상의주차장 입구,교통정보 수집분석 및 제공,교통흐름파악
501,주왕산사무소,1,기암 화장실 입구,기암 화장실 입구,시설안전 및 화재예방,시설안전
502,태안해안사무소,1,방포 문주,해변길 일대,범죄예방,범죄예방
503,태안해안사무소,1,구례포화장실,해변길 일대,범죄예방,범죄예방
504,태안해안사무소,1,유류피해역사전시관 입구,해변길 일대,범죄예방,범죄예방
505,태안해안사무소,1,청포대 해변길,해변길 일대,범죄예방,범죄예방
506,태안해안사무소,1,학암포해변화장실 ,화장실 일대,범죄예방,범죄예방
507,태안해안사무소,1,학암포주차장화장실,화장실 일대,범죄예방,범죄예방
508,태안해안사무소,1,학암포분점도화장실,화장실 일대,범죄예방,범죄예방
509,태안해안사무소,1,학암포해당화화장실,화장실 일대,범죄예방,범죄예방
510,태안해안사무소,1,구례포화장실(여자),화장실 일대,범죄예방,범죄예방
511,태안해안사무소,1,연포주자창화장실,화장실 일대,범죄예방,범죄예방
512,태안해안사무소,1,연포해맞이화장실,화장실 일대,범죄예방,범죄예방
513,태안해안사무소,1,몽산포주차장화장실,화장실 일대,범죄예방,범죄예방
514,태안해안사무소,1,몽산포야영장화장실,화장실 일대,범죄예방,범죄예방
515,태안해안사무소,1,몽산포송림화장실,화장실 일대,범죄예방,범죄예방
516,태안해안사무소,1,몽산포해변화장실,화장실 일대,범죄예방,범죄예방
517,태안해안사무소,1,청포대화장실,화장실 일대,범죄예방,범죄예방
518,태안해안사무소,1,삼봉주차장화장실,화장실 일대,범죄예방,범죄예방
519,태안해안사무소,1,삼봉야영장화장실,화장실 일대,범죄예방,범죄예방
520,태안해안사무소,1,기지포화장실,화장실 일대,범죄예방,범죄예방
521,태안해안사무소,1,방포화장실,화장실 일대,범죄예방,범죄예방
522,태안해안사무소,1,학암포A (입구),학암포A해변,범죄예방,범죄예방
523,태안해안사무소,1,구례포 (입구),구례포해변,범죄예방,범죄예방
524,태안해안사무소,1,연포 (입구),연포해변,범죄예방,범죄예방
525,태안해안사무소,1,몽산포 (입구),몽산포해변,범죄예방,범죄예방
526,태안해안사무소,1,해변길 솔모랫길 (입구),해변길 일대,범죄예방,범죄예방
527,태안해안사무소,1,삼봉 (입구),삼봉해변,범죄예방,범죄예방
528,태안해안사무소,1,기지포 (입구),기지포해변,범죄예방,범죄예방
529,태안해안사무소,1,해변길 노을길 (입구),해변길 일대,범죄예방,범죄예방
530,태안해안사무소,1,방포 (입구),방포해변,범죄예방,범죄예방
531,태안해안사무소,2,학암포야영장,야영장 입구,시설안전 및 화재예방,차량번호식별
532,태안해안사무소,7,학암포야영장,야영장 내,시설안전 및 화재예방,야영장 내 안전사고 예방
533,태안해안사무소,10,학암포야영장,야영장 내,시설안전 및 화재예방,야영장 내 안전사고 예방
534,태안해안사무소,1,몽산포야영장,옥외,범죄예방,옥외 감시용
535,태안해안사무소,7,몽산포야영장,주차장 내,시설안전 및 화재예방,주차장 내 안전사고 예방
536,태안해안사무소,2,몽산포야영장,주차장 내,시설안전 및 화재예방,주차장 내 안전사고 예방
537,태안해안사무소,1,방포 노을길,해변길(노을길),시설안전 및 화재예방,해변길 내 안전사고 예방
538,다도해해상,1,다도해해상사무소 본소 정문,본소 정문,범죄예방,청사보안
539,다도해해상,1,다도해해상사무소 본소 후문,본소 후문,범죄예방,청사보안
540,다도해해상,1,고흥분소 정문,고흥분소 정문,범죄예방,청사보안
541,다도해해상,1,고흥분소 팔영산탐방로 입구,팔영산탐방로초입,범죄예방,청사보안
542,다도해해상,1,나로도센터 정문,나로도센터 정문,범죄예방,청사보안
543,다도해해상,1,여수분소 정문,여수분소 정문,범죄예방,청사보안
544,다도해해상,1,거문도분소 정문,거문도분소 정문,범죄예방,청사보안
545,다도해해상,1,보길분소 정문,보길분소 정문,범죄예방,청사보안
546,다도해해상,1,청산분소 정문,청산분소 정문,범죄예방,청사보안
547,다도해해상,1,금오도분소 정문,금오도분소 정문,범죄예방,청사보안
548,다도해해상,1,정도리센터 정문,정도리센터 정문,범죄예방,청사보안
549,다도해해상,1,팔영산야영장 1,팔영산야영장 1,시설안전 및 화재예방,야영장 안전관리
550,다도해해상,1,팔영산야영장 2,팔영산야영장 2,시설안전 및 화재예방,야영장 안전관리
551,다도해해상,1,팔영산야영장 3,팔영산야영장 3,시설안전 및 화재예방,야영장 안전관리
552,다도해해상,1,팔영산야영장 4,팔영산야영장 4,시설안전 및 화재예방,야영장 안전관리
553,다도해해상,1,팔영산야영장 5,팔영산야영장 5,시설안전 및 화재예방,야영장 안전관리
554,다도해해상,1,팔영산야영장 6,팔영산야영장 6,시설안전 및 화재예방,야영장 안전관리
555,다도해해상,1,적취봉 탐방로 입구(야영장),탐방로초입,범죄예방,탐방로 관리 및 재난발생시 대응
556,다도해해상,1,성주봉(휴양림) 탐방로 입구,탐방로초입,범죄예방,탐방로 관리 및 재난발생시 대응
557,다도해해상,1,성두(율림치) 탐방로 입구,탐방로초입,범죄예방,탐방로 관리 및 재난발생시 대응
558,다도해해상,1,임포 탐방로 입구,탐방로초입,범죄예방,탐방로 관리 및 재난발생시 대응
559,다도해해상,1,기와집몰랑 입구,탐방로초입,범죄예방,탐방로 관리 및 재난발생시 대응
560,다도해해상,1,보옥리 탐방로 초입,탐방로초입,범죄예방,탐방로 관리 및 재난발생시 대응
561,다도해해상,1,함구미 탐방로 초입,탐방로초입,범죄예방,탐방로 관리 및 재난발생시 대응
562,다도해해상,1,정도리 화장실,화장실입구,,범죄예방
563,다도해해상,1,예송리 화장실,화장실입구,,범죄예방
564,다도해해상,1,안도리 화장실,화장실입구,,범죄예방
565,다도해해상,1,유림 화장실,화장실입구,,범죄예방
566,다도해해상,1,구계등갯돌밭 화장실(정도리해변),화장실입구,,범죄예방
567,다도해해상,1,향일암일주문 화장실,화장실입구,,범죄예방
568,다도해해상,1,구계등주차장 화장실,화장실입구,,범죄예방
569,다도해해상,1,지리 화장실,화장실입구,,범죄예방
570,다도해해상,1,임포주차장 화장실(향일암 주차장),화장실입구,,범죄예방
571,다도해해상,1,팔영주차장 화장실,화장실입구,,범죄예방
572,다도해해상,1,염포야영장 화장실,화장실입구,,범죄예방
573,다도해해상,1,봉래산탐방로 입구,탐방로입구,시설안전 및 화재예방,탐방로 관리 및 재난발생시 대응
574,다도해해상,1,중리해변,해변일원,시설안전 및 화재예방,재난발생시 대응
575,다도해해상,1,비렁길 1코스_함구미 초입부,탐방로입구,시설안전 및 화재예방,탐방로 관리 및 재난발생시 대응
576,다도해해상,1,유림해변,해변일원,시설안전 및 화재예방,재난발생시 대응
577,다도해해상,1,지리청송해변,해변일원,시설안전 및 화재예방,재난발생시 대응
578,다도해해상,1,염포해변,해변일원,시설안전 및 화재예방,재난발생시 대응
579,다도해해상,1,예송(해변) 전망대,해변일원,시설안전 및 화재예방,재난발생시 대응
580,다도해해상,1,향일암 임포주차장(매표소),주차장일원,시설안전 및 화재예방,주차장관리 및 재난발생시 대응
581,다도해해상,1,화랑포(청산분소청사),화랑포입구,시설안전 및 화재예방,재난발생시 대응
582,다도해해상,1,거문도 고도,서도일원,시설안전 및 화재예방,산불감시
583,다도해해상,1,여수향 일암1,향일암 및 금오산일원,시설안전 및 화재예방,산불감시
584,다도해해상,1,여수향 일암2,향일암 및 금오산일원,시설안전 및 화재예방,산불감시
585,다도해해상,1,청산도 읍리1,청산도 범바위 일원,시설안전 및 화재예방,산불감시
586,다도해해상,1,청산도 읍리2,청산도 읍리 일원,시설안전 및 화재예방,산불감시
587,다도해해상,1,국립공원301호 정박지,선박 정박위치 일원,시설안전 및 화재예방,선박 안전관리
588,다도해해상,1,성주봉(팔영산야영장) 탐방로 입구,탐방로 입구 일원,시설안전 및 화재예방,탐방로 관리 및 재난발생시 대응
589,다도해서부사무소,1,본소 청사 2층 주출입구,본소 청사 2층 주출입구 일대,시설안전 및 화재예방,산불감시
590,다도해서부사무소,1,흑산도 상라봉 주차장,흑산도 상라봉 일원,범죄예방,무인계도
591,다도해서부사무소,1,흑산도 미술관 탐방로 입구,흑산도 미술관 탐방로 입구 일대,범죄예방,무인계도
592,다도해서부사무소,1,관매도 샛배탐방로 입구,관매도 샛배탐방로 입구 일대,범죄예방,무인계도
593,다도해서부사무소,1,관매도 곰솔숲 입구,관매도 곰솔숲 입구 일대,범죄예방,무인계도
594,다도해서부사무소,1,우이도 돈목해변 탐방로 입구,우이도 돈목해변 탐방로 입구 일대,범죄예방,무인계도
595,다도해서부사무소,1,시목야영장 내,시목야영장 일원,범죄예방,무인계도
596,다도해서부사무소,2,조도 도리산 전망대,조도 도리산 일원,범죄예방,무인계도
597,다도해서부사무소,2,흑산도 문암산 정상부,흑산도 문암산 일원,범죄예방,무인계도
598,다도해서부사무소,1,흑산도분소 출입구,흑산도분소 주출입구 일대,범죄예방,무인계도
599,다도해서부사무소,1,흑산도 마리재 탐방로 입구,흑산도 마리재 탐방로 입구 일대,범죄예방,무인계도
600,다도해서부사무소,1,하조도 등대 탐방로 입구,하조도 등대 탐방로 입구 일대,범죄예방,무인계도
601,다도해서부사무소,1,하조도 산행 탐방로 입구,하조도 산행 탐방로 입구 일대,범죄예방,무인계도
602,다도해서부사무소,1,관매도 벼락바위 탐방로 입구(관호마을),관매도 벼락바위 탐방로 입구 일대,범죄예방,무인계도
603,다도해서부사무소,1,관매도 방아섬 탐방로 입구,관매도 방아섬 탐방로 입구 일대,범죄예방,무인계도
604,다도해서부사무소,1,흑산도 배낭기미해변 공중화장실,흑산도 배낭기미해변 공중화장실 입구 일대,범죄예방,무인계도
605,다도해서부사무소,1,우이도 돈목해변 공중화장실,우이도 돈목해변 공중화장실 입구 일대,범죄예방,무인계도
606,다도해서부사무소,1,홍도1구 앞마을 공중화장실,홍도1구 앞마을 공중화장실 입구 일대,범죄예방,무인계도
607,다도해서부사무소,1,홍도1구 몽돌해변 공중화장실,홍도1구 몽돌해변 공중화장실 입구 일대,범죄예방,무인계도
608,다도해서부사무소,1,우이도 풍성사구 출입금지구역,우이도 풍성사구 출입금지구역 상층부 일대,범죄예방,무인계도
609,다도해서부사무소,1,관매도 탐방로 위험구간,관매도 탐방로 위험구간 상층부 일대,범죄예방,무인계도
610,다도해서부사무소,1,비금도초 시목야영장 공중화장실,비금도초 시목야영장 공중화장실 출입구 일대,범죄예방,무인계도
611,다도해서부사무소,1,본소 청사 주출입구,본소 청사 주출입구 일대,시설안전 및 화재예방,청사보안
612,다도해서부사무소,1,본소 청사 외부계단 출입구,본소 청사 외부계단 출입구 및 주차장 일대,시설안전 및 화재예방,청사보안
613,다도해서부사무소,1,진도분소 2층 복도,진도분소 2층 복도 일대,시설안전 및 화재예방,청사보안
614,다도해서부사무소,1,비금도초분소 2층 복도,비금도초분소 2층 복도 일대,시설안전 및 화재예방,청사보안
615,다도해서부사무소,1,구 흑산도분소 출입구,구 흑산도분소 출입구 일대,시설안전 및 화재예방,청사보안
616,다도해서부사무소,1,진도분소 출입구,진도분소 주출입구 일대,시설안전 및 화재예방,청사보안
617,다도해서부사무소,1,(구)비금도초분소 출입구,비금도초분소 주출입구 일대,시설안전 및 화재예방,청사보안
618,다도해서부사무소,1,구 흑산도분소 관사 출입구,구 흑산도분소 2층 관사 출입구 일대,시설안전 및 화재예방,청사보안
619,다도해서부사무소,1,홍도센터 출입구,홍도센터 주출입구 일대,시설안전 및 화재예방,청사보안
620,다도해서부사무소,1,홍도센터 관사 출입구,홍도센터 관사 출입구 일대,시설안전 및 화재예방,청사보안
621,다도해서부사무소,1,관매도센터 출입구,관매도센터 주출입구 일대,시설안전 및 화재예방,청사보안
622,다도해서부사무소,1,본소 청사 내 관사 출입구,본소 청사 내부 관사 출입구,,청사보안
623,다도해서부사무소,1,홍도해변 출입금지구역,홍도 어덩구석 출입금지구역 일대,범죄예방,무인계도
624,다도해서부사무소,1,우이도 풍성사구 출입금지구역,우이도 풍성사구 출입금지구역 하부 일대,범죄예방,무인계도
625,다도해서부사무소,4,도초비금분소 출입구 일원,도초비금분소 출입구 및 주차장 일원,시설안전 및 화재예방,청사보안
626,다도해서부사무소,4,도초비금분소 ,도초비금분소 숙사입구·복도 일원,,청사보안
627,다도해서부사무소,1,조도 읍구 입구,조도 신금산(읍구) 탐방로 입구 일원,범죄예방,무인계도
628,다도해서부사무소,1,관매선착장 입구,관매선착장 탐방로 입구 일원,범죄예방,무인계도
629,다도해서부사무소,1,흑산면사무소 입구,흑산면사무소 탐방로 입구 일원,범죄예방,무인계도
630,다도해서부사무소,1,흑산 샘골 입구,흑산 샘골 탐방로 입구 일원,범죄예방,무인계도
631,다도해서부사무소,1,영산도 당산 입구,영산도 당산 탐방로 입구 일원,범죄예방,무인계도
632,월악산사무소,3,월악산 일원,월악산 일원(송계자동차 인근 등),시설안전 및 화재예방,산불감시
633,월악산사무소,17,닷돈재야영장,닷돈재야영장,시설안전 및 화재예방,시설안전 및 화재예방
634,월악산사무소,8,용하야영장,용하야영장,시설안전 및 화재예방,시설안전 및 화재예방
635,월악산사무소,4,닷돈재야영장 화장실,닷돈재야영장 화장실 외부,범죄예방,화장실 범죄예방
636,월악산사무소,3,송계자동차야영장,송계자동차야영장,범죄예방,범죄예방
637,월악산사무소,2,문경분소,문경분소 내외부,범죄예방,청사보안 
638,월악산사무소,10,송계본소,송계본소 내외부,범죄예방,시설안전 및 청사보안
639,월악산사무소,2,덕산분소,덕산분소 내외부,범죄예방,청사보안 
640,월악산사무소,5,단양분소,단양분소 내외부,범죄예방,청사보안 
641,월악산사무소,39,월악산 일원 탐방로 입구 및 화장실,월악산 일원 탐방로 입구 및 화장실 외부,시설안전 및 화재예방,시설안전 및 화재예방
642,월악산사무소,11,물놀이 위험지역,와룡대 등 물놀이 위험지역 11개소,시설안전 및 화재예방,탐방객 물놀이 안전관리
643,소백산사무소,1,초암사~국망봉 입구,국망봉탐방로 입구,시설안전 및 화재예방,시설안전 및 화재예방
644,소백산사무소,1,삼가 달밭골~초암사 자락길 입구,초암사 자락길 입구,시설안전 및 화재예방,시설안전 및 화재예방
645,소백산사무소,4,초암1주차장,초암1주차장,시설안전 및 화재예방,시설안전 및 화재예방
646,소백산사무소,2,삼가매표소,삼가매표소,시설안전 및 화재예방,시설안전 및 화재예방
647,소백산사무소,13,소백산사무소 청사,소백산사무소 청사 외부,시설안전 및 화재예방,청사보안
648,소백산사무소,1,연화봉,연화봉 일대,시설안전 및 화재예방,산불감시
649,소백산사무소,1,죽령고개,도솔봉 일대,시설안전 및 화재예방,산불감시
650,소백산사무소,1,비봉산,비로봉 일대,시설안전 및 화재예방,산불감시
651,소백산사무소,1,천마산,천마산 일대,시설안전 및 화재예방,산불감시
652,소백산사무소,2,삼가야영장안내센터,야영장 입구,시설안전 및 화재예방,시설안전 및 화재예방
653,소백산사무소,1,삼가야영장안내센터,삼가야영장안내센터,시설안전 및 화재예방,시설안전 및 화재예방
654,소백산사무소,1,삼가야영장계곡,삼가야영장계곡,시설안전 및 화재예방,시설안전 및 화재예방
655,소백산사무소,1,삼가~비로봉탐방로입구,삼가~비로봉탐방로입구,시설안전 및 화재예방,시설안전 및 화재예방
656,소백산사무소,1,달밭골 명품마을 진입로,달밭골 명품마을 진입로,시설안전 및 화재예방,시설안전 및 화재예방
657,소백산사무소,1,희방 제2주차장 화장실,희방 제2주차장 화장실,시설안전 및 화재예방,시설안전 및 화재예방
658,소백산사무소,1,부석분소,부석분소,시설안전 및 화재예방,시설안전 및 화재예방
659,소백산사무소,8,죽계계곡 일원,죽계계곡 일원,시설안전 및 화재예방,시설안전 및 화재예방
660,소백산사무소,1,제2연화봉,연화봉 일대,시설안전 및 화재예방,
661,소백산사무소,1,삼가야영장화장실,삼가야영장화장실,시설안전 및 화재예방,시설안전 및 화재예방
662,소백산사무소,1,초암사 일주문,초암사화장실,시설안전 및 화재예방,시설안전 및 화재예방
663,소백산사무소,1,비로사화장실,비로사화장실,시설안전 및 화재예방,시설안전 및 화재예방
664,소백산사무소,1,삼가 탐방로 입구,삼가 탐방로 입구,시설안전 및 화재예방,시설안전 및 화재예방
665,소백산사무소,1,하좌석 입구,하좌석 입구,시설안전 및 화재예방,시설안전 및 화재예방
666,소백산사무소,1,삼가야영장,삼가야영장,시설안전 및 화재예방,시설안전 및 화재예방
667,소백산사무소,2,삼가주차장,삼가주차장,시설안전 및 화재예방,시설안전 및 화재예방
668,소백산사무소,1,배점주차장,배점주차장,시설안전 및 화재예방,시설안전 및 화재예방
669,소백산사무소,2,죽령옛길,죽령옛길,시설안전 및 화재예방,시설안전 및 화재예방
670,소백산사무소,2,유석사,유석사,시설안전 및 화재예방,시설안전 및 화재예방
671,소백산사무소,1,희방 제2주차장,희방 제2주차장,시설안전 및 화재예방,시설안전 및 화재예방
672,소백산사무소,2,희방 제3주차장,희방제3주차장,시설안전 및 화재예방,시설안전 및 화재예방
673,소백산사무소,1,희방탐방지원센터,희방탐방지원센터,시설안전 및 화재예방,시설안전 및 화재예방
674,소백산사무소,2,초암탐방지원센터,초암탐방지원센터,시설안전 및 화재예방,시설안전 및 화재예방
675,소백산사무소,1,부석사매표소,부석사매표소,시설안전 및 화재예방,시설안전 및 화재예방
676,소백산사무소,1,단산면 좌석리,좌석통제소 일원,범죄예방,자원유출감시
677,소백산사무소,1,단산면 마락리,마락리 마을 일원,범죄예방,자원유출감시
678,소백산사무소,1,부석면 임곡리,마구령 입구 일원,범죄예방,무인계도
679,소백산사무소,1,부석면 남대리,주막거리 일원,범죄예방,무인계도
680,월출산사무소,6,"묵동, 도갑,몽해,송월,개신리",공원 내 산불 취약지구,시설안전 및 화재예방,산불감시
681,월출산사무소,1,천황주차장화장실,주요업무시설,범죄예방,범죄예방 및 탐방객 안전관리
682,월출산사무소,1,도갑분소,주요업무시설,범죄예방,청사보안
683,월출산사무소,3,자생식물원 내외,자생식물원 내외,,"시설안전 및 화재에방, 남생이 관찰, 자생식물 증식 개체 도난 방지 등"
684,월출산사무소,2,"누릿재, 경포대탐방로 입구",비법정탐방로입구,,무인계도
685,월출산사무소,8,탐방로 입구 및 화장실 입구,탐방로 입구 및 화장실 입구,범죄예방,범죄예방 및 탐방객 안전관리
686,월출산사무소,1,천황지구 탐방로 입구,탐방로 입구 및 화장실 입구,범죄예방,범죄예방 및 탐방객 안전관리
687,월출산사무소,1,산성대 입구,산성대 일원,범죄예방,범죄예방 및 탐방객 안전관리
688,월출산사무소,7,경포대 주차장 일원,경포대 주차장 일원,시설안전 및 화재예방,범죄예방 및 탐방객 안전관리
689,월출산사무소,2,자생식물원 내외,자생식물원 내외,,"시설안전 및 화재에방, 남생이 관찰, 자생식물 증식 개체 도난 방지 등"
690,월출산사무소,1,구름다리,구름다리 일원,시설안전 및 화재예방,산불감시 및 탐방객 안전관리
691,월출산사무소,1,월비마을,월출산국립공원,시설안전 및 화재예방,산불감시 
692,월출산사무소,1,경포대탐방지원센터,경포대탐방지원센터,시설안전 및 화재예방,범죄예방 및 탐방객 안전관리
693,변산반도사무소,4,사무소,사무소 일원,시설안전 및 화재예방,청사보안
694,변산반도사무소,2,격포주차장 ,격포주차장 일원,범죄예방,주차장 감시
695,변산반도사무소,1,유동,유동해변 진입로,,무인계도
696,변산반도사무소,1,삼발,삼발해변 진입로,,무인계도
697,변산반도사무소,1,하섬주차장,하섬해변 진입로,,무인계도
698,변산반도사무소,1,기도원,기도원 입구,,무인계도
699,변산반도사무소,1,우슬재,우슬재 입구,,무인계도
700,변산반도사무소,5,자원재활용장,자원재활용장 일원,시설안전 및 화재예방,시설안전 및 화재예방
701,변산반도사무소,12,고사포야영장,고사포야영장 일원,시설안전 및 화재예방,시설안전 및 화재예방
702,변산반도사무소,1,갑남산,갑남산 일대,,산불감시
703,변산반도사무소,1,신선봉,신선봉 일대,,산불감시
704,변산반도사무소,1,격포항방파제,채석강 일원,시설안전 및 화재예방,채석강 안전사고 예방
705,변산반도사무소,1,원암탐방로 입구,탐방로 입구 일원,시설안전 및 화재예방,탐방객 안전 및 범죄예방
706,변산반도사무소,1,내소사 전나무숲,탐방로 입구 일원,시설안전 및 화재예방,탐방객 안전 및 범죄예방
707,변산반도사무소,1,격포탐방로 입구,탐방로 입구 일원,시설안전 및 화재예방,탐방객 안전 및 범죄예방
708,변산반도사무소,1,격포항화장실,화장실 입구(여),시설안전 및 화재예방,탐방객 안전 및 범죄예방
709,변산반도사무소,1,군부대 입구,탐방로 입구 일원,시설안전 및 화재예방,탐방객 안전 및 범죄예방
710,변산반도사무소,1,개암사탐방로 입구,탐방로 입구 일원,시설안전 및 화재예방,탐방객 안전 및 범죄예방
711,변산반도사무소,1,만석동 탐방로 입구,탐방로 입구 일원,시설안전 및 화재예방,탐방객 안전 및 범죄예방
712,변산반도사무소,1,어수대탐방로 입구,탐방로 입구 일원,시설안전 및 화재예방,탐방객 안전 및 범죄예방
713,변산반도사무소,1,청림마을탐방로 입구,탐방로 입구 일원,시설안전 및 화재예방,탐방객 안전 및 범죄예방
714,변산반도사무소,1,중계교탐방로 입구,탐방로 입구 일원,시설안전 및 화재예방,탐방객 안전 및 범죄예방
715,변산반도사무소,1,굴바위탐방로 입구,탐방로 입구 일원,시설안전 및 화재예방,탐방객 안전 및 범죄예방
716,변산반도사무소,1,감불탐방로 입구,탐방로 입구 일원,시설안전 및 화재예방,탐방객 안전 및 범죄예방
717,변산반도사무소,1,고사포탐방로 입구,탐방로 입구 일원,시설안전 및 화재예방,탐방객 안전 및 범죄예방
718,변산반도사무소,1,죽막탐방로 입구,탐방로 입구 일원,시설안전 및 화재예방,탐방객 안전 및 범죄예방
719,변산반도사무소,1,내소사매표소,탐방로 입구 일원,시설안전 및 화재예방,탐방객 안전 및 범죄예방
720,변산반도사무소,1,남여치탐방로,탐방로 입구 일원,시설안전 및 화재예방,탐방객 안전 및 범죄예방
721,변산반도사무소,1,격포주차장 화장실,화장실 입구(여),시설안전 및 화재예방,탐방객 안전 및 범죄예방
722,변산반도사무소,1,격포 채석강 화장실,화장실 입구(여),시설안전 및 화재예방,탐방객 안전 및 범죄예방
723,변산반도사무소,1,내소 전나무숲 화장실,화장실 입구(여),시설안전 및 화재예방,탐방객 안전 및 범죄예방
724,변산반도사무소,1,내소 주차장 화장실,화장실 입구(여),시설안전 및 화재예방,탐방객 안전 및 범죄예방
725,변산반도사무소,1,고사포 화장실,화장실 입구(여),시설안전 및 화재예방,탐방객 안전 및 범죄예방
726,변산반도사무소,1,고사포 소나무 화장실,화장실 입구(여),시설안전 및 화재예방,탐방객 안전 및 범죄예방
727,변산반도사무소,1,고사포 해당화 화장실,화장실 입구(여),시설안전 및 화재예방,탐방객 안전 및 범죄예방
728,변산반도사무소,1,월명암 공중화장실,화장실 입구(여),시설안전 및 화재예방,탐방객 안전 및 범죄예방
729,변산반도사무소,1,개암사 우금 화장실,화장실 입구(여),시설안전 및 화재예방,탐방객 안전 및 범죄예방
730,변산반도사무소,1,내변산탐방로 입구 ,탐방로 입구 일원,시설안전 및 화재예방,탐방객 안전 및 범죄예방
731,변산반도사무소,1,고사포해변,고사포 해변 일원,시설안전 및 화재예방,탐방객 안전 및 범죄예방
732,변산반도사무소,1,실상사 화장실,화장실 입구(여),시설안전 및 화재예방,탐방객 안전 및 범죄예방
733,변산반도사무소,1,남여치공중화장실,화장실 입구(여),시설안전 및 화재예방,탐방객 안전 및 범죄예방
734,변산반도사무소,2,하섬전망대,하섬연안해안 일원,시설안전 및 화재예방,탐방객 안전 및 범죄예방
735,변산반도사무소,2,유동,유동연안해안 일원,시설안전 및 화재예방,탐방객 안전 및 범죄예방
736,변산반도사무소,8,주차장,내소주차장 일원,범죄예방,범죄예방
737,변산반도사무소,7,주차장,내소주차장 일원,범죄예방,범죄예방
738,변산반도사무소,2,분소,분소사무소 일원,시설안전 및 화재예방,시설안전 및 화재예방
739,변산반도사무소,8,주차장,내변산주차장 일원,범죄예방,범죄예방
740,변산반도사무소,3,분소(구),분소(구) 일원,시설안전 및 화재예방,시설안전 및 화재예방
741,변산반도사무소,2,자생식물관찰원 입구,자생식물관찰원 일원,시설안전 및 화재예방,시설안전 및 화재예방
742,변산반도사무소,1,탐방로 입구,내변산탐방로 일원,범죄예방,범죄예방
743,변산반도사무소,3,분소(신),분소(신) 일원,시설안전 및 화재예방,시설안전 및 화재예방
744,변산반도사무소,2,분소,분소 일원,시설안전 및 화재예방,시설안전 및 화재예방
745,무등산사무소,8,"북봉, 장불재","북봉, 장불재 일대",시설안전 및 화재예방,시설안전 및 화재예방
746,무등산사무소,2,"1수원지, 풍암제","1수원지, 풍암제 일대",범죄예방,범죄예방
747,무등산사무소,1,청풍쉼터 공중화장실,청풍쉼터 공중화장실 외부,범죄예방,범죄예방
748,무등산사무소,6,원효분소,원효분소 내외,범죄예방,범죄예방
749,무등산사무소,2,"토끼등, 덕산골, 서석대","토끼등, 덕산골, 서석대 일대",범죄예방,범죄예방
750,무등산사무소,31,무등산국립공원 입구 등 31개소,탐방로 및 화장실 31개소,범죄예방,범죄예방
751,무등산사무소,1,증심탐방지원센터 차량통제소,차량통제소 외부,범죄예방,범죄예방
752,무등산사무소,1,목교탐방지원센터,목교탐방지원센터 일원,시설안전 및 화재예방,시설안전 및 화재예방
753,무등산사무소,1,약사사 일주문,약사사 일주문 일원,시설안전 및 화재예방,시설안전 및 화재예방
754,무등산사무소,1,증심탐방지원센터,증심탐방지원센터 일원,시설안전 및 화재예방,시설안전 및 화재예방
755,무등산사무소,1,당산나무,당산나무 일원,시설안전 및 화재예방,시설안전 및 화재예방
756,무등산사무소,1,중머리재,중머리재 일원,시설안전 및 화재예방,시설안전 및 화재예방
757,무등산사무소,1,중머리재,중머리재 일원,시설안전 및 화재예방,시설안전 및 화재예방
758,무등산사무소,1,원효사 후문 주차장,원효사 후문 일대,범죄예방,범죄예방
759,무등산사무소,1,증심상가 탐방로 입구,증심상가 탐방로 입구 일대,시설안전 및 화재예방,탐방객 안전 및 화재예방
760,무등산사무소,12,증심사 제2주차장 전면 및 부대시설(사무소) 출입부 등,무등산사무소 및 주차장,시설안전 및 화재예방,안전사고 및 범죄예방
761,무등산사무소,1,무등산국립공원사무소 민원실,민원실,시설안전 및 화재예방,안전사고 및 범죄예방
762,무등산국립공원동부사무소,1,도원야영장,도원야영장 입구,시설안전 및 화재예방,시설안전
763,무등산국립공원동부사무소,2,사무소,사무소 내,시설안전 및 화재예방,청사보안
764,무등산국립공원동부사무소,8,사무소,사무소 외,시설안전 및 화재예방,청사보안
765,무등산국립공원동부사무소,1,중머리재 입구,중머리재 입구 일원 ,시설안전 및 화재예방,산불감시
766,무등산국립공원동부사무소,1,만연산 입구,만연산 입구 일원,시설안전 및 화재예방,산불감시
767,무등산국립공원동부사무소,1,장불재 입구,장불재 입구 일원,시설안전 및 화재예방,산불감시
768,무등산국립공원동부사무소,1,함충재 입구,함충재 입구 일원,시설안전 및 화재예방,산불감시
769,무등산국립공원동부사무소,1,정곡리,정곡리 내·외,시설안전 및 화재예방,산불감시
770,무등산국립공원동부사무소,1,이십곡리,이십곡리 내·외,시설안전 및 화재예방,산불감시
771,무등산국립공원동부사무소,1,도원마을,도원마을 내·외,시설안전 및 화재예방,산불감시
772,무등산국립공원동부사무소,1,백마능선,백마능선 내·외,시설안전 및 화재예방,산불감시
773,무등산국립공원동부사무소,1,장불재 쉼터,장불재 쉼터 일원,시설안전 및 화재예방,산불감시
774,무등산국립공원동부사무소,1,백마능선 헬기장,백마능선 헬기장 일원,시설안전 및 화재예방,산불감시
775,무등산국립공원동부사무소,1,도원야영장,도원야영장 내·외,시설안전 및 화재예방,시설안전
776,무등산국립공원동부사무소,8,도원 야영장,도원 야영장 일원,시설안전 및 화재예방,시설안전
777,무등산국립공원동부사무소,1,화장실 외부,화장실 외부 일원,시설안전 및 화재예방,시설안전
778,무등산국립공원동부사무소,1,화장실 외부,화장실 외부 일원,시설안전 및 화재예방,시설안전
779,무등산국립공원동부사무소,1,화장실 외부,화장실 외부 일원,시설안전 및 화재예방,시설안전
780,무등산국립공원동부사무소,1,화장실 외부,화장실 외부 일원,시설안전 및 화재예방,시설안전
781,무등산국립공원동부사무소,1,화장실 외부,화장실 외부 일원,시설안전 및 화재예방,시설안전
782,무등산국립공원동부사무소,1,화장실 외부,화장실 외부 일원,시설안전 및 화재예방,시설안전
783,무등산국립공원동부사무소,1,도원 탐방지원센터,도원 탐방지원센터 일원,시설안전 및 화재예방,시설안전
784,무등산국립공원동부사무소,1,함충재 탐방지원센터,함충재 탐방지원센터 일원,시설안전 및 화재예방,시설안전
785,무등산국립공원동부사무소,2,사무소,사무소 일원,범죄예방,범죄예방
786,무등산국립공원동부사무소,2,사무소,사무소 일원,시설안전 및 화재예방,시설안전
787,무등산국립공원동부사무소,2,만연탐방지원센터,만연탐방지원센터 내·외 ,시설안전 및 화재예방,시설안전
788,무등산국립공원동부사무소,1,수만탐방지원센터,수만탐방지원센터 일원,시설안전 및 화재예방,시설안전
789,태백산사무소,7,본소,사무소 주변,시설안전 및 화재예방,청사보안
790,태백산사무소,1,당골광장,당골광장,시설안전 및 화재예방,
791,태백산사무소,1,당골광장,당골광장,범죄예방,
792,태백산사무소,4,당골탐방지원센터,당골탐방지원센터 일원,시설안전 및 화재예방,
793,태백산사무소,1,당골1화장실,당골1화장실,시설안전 및 화재예방,
794,태백산사무소,1,당골1주차장,당골1주차장,시설안전 및 화재예방,
795,태백산사무소,1,당골2주차장,당골2주차장,시설안전 및 화재예방,
796,태백산사무소,2,당골3주차장,당골3주차장,시설안전 및 화재예방,
797,태백산사무소,1,당골4주차장,당골4주차장,시설안전 및 화재예방,
798,태백산사무소,11,민박촌,민박촌 일원,시설안전 및 화재예방,민박촌 보안 및 범죄예방
799,태백산사무소,7,유일사탐방지원센터,유일사탐방지원센터 일원,시설안전 및 화재예방,탐방지원센터 보안
800,태백산사무소,1,유일사탐방지원센터,유일사탐방지원센터 일원,범죄예방,
801,태백산사무소,1,천제단,천제단 일원,시설안전 및 화재예방,
802,태백산사무소,1,백단사탐방지원센터,백단사탐방지원센터 일원,범죄예방,탐방지원센터 보안
803,태백산사무소,2,함백산,함백산 일원,시설안전 및 화재예방,산불감시
804,태백산사무소,1,천제단,천제단 일원,범죄예방,무인계도
805,태백산사무소,1,함백산정상,함백산 일원,범죄예방,무인계도
806,태백산사무소,1,금대봉,금대봉,범죄예방,무인계도
807,태백산사무소,1,창죽령입구,창죽령,범죄예방,무인계도
808,태백산사무소,1,조록바위봉입구,조록바위봉,범죄예방,무인계도
809,태백산사무소,2,본소,사무소 주변,시설안전 및 화재예방,범죄예방
810,태백산사무소,8,백단사,백단사 일원,시설안전 및 화재예방,산불감시
811,태백산사무소,10,검룡소,검룡소 일원,시설안전 및 화재예방,산불감시
812,태백산사무소,3,유일사쉼터,유일사 쉼터,시설안전 및 화재예방,산불감시
813,태백산사무소,1,사길령,사길령,시설안전 및 화재예방,산불감시
814,태백산사무소,1,유일사,유일사,시설안전 및 화재예방,산불감시
815,태백산사무소,1,두문동재,두문동재,시설안전 및 화재예방,산불감시
816,태백산사무소,2,금대봉,금대봉,시설안전 및 화재예방,산불감시
817,태백산사무소,2,부쇠봉,부쇠봉,시설안전 및 화재예방,산불감시
818,태백산사무소,1,함백산,함백산 일원,시설안전 및 화재예방,산불감시
819,태백산사무소,1,본소,건물 내부,시설안전 및 화재예방,청사보안
820,태백산사무소,1,백천분소,명품마을 사무실,시설안전 및 화재예방,사무실 보안
821,태백산사무소,1,검룡소,검룡소 전망대 일원,시설안전 및 화재예방,산불감시
822,태백산사무소,1,백천분소,백천분소 일원,시설안전 및 화재예방,청사보안
823,태백산사무소,1,태백시 문곡동 117,문곡동 117번지 일원,시설안전 및 화재예방,범죄예방
824,태백산사무소,1,태백시 광장로 6,태백버스터미널 국립공원홍보관 ,시설안전 및 화재예방,홍보영상 점검
825,태백산사무소,11,신축 백천분소,신축 백천분소 일원,시설안전 및 화재예방,청사보안
826,국립공원연구원,2,생태학습장 A동 내실,반달가슴곰 계류장 내실 2개소,,반달가슴곰 모니터링
827,국립공원연구원,1,생태학습장 B동 내실,반달가슴곰 계류장 내실 1개소,,반달가슴곰 모니터링
828,국립공원연구원,3,생태학습장 E동 내실,반달가슴곰 계류장 내실 3개소,,반달가슴곰 모니터링
829,국립공원연구원,1,자연적응훈련장 야외계류장,반달가슴곰 야외계류장,,반달가슴곰 모니터링
830,국립공원연구원,1,생태학습장 A동 내실,반달가슴곰 계류장 내실 1개소,,반달가슴곰 모니터링
831,국립공원연구원,3,생태학습장 B동 내실,반달가슴곰 계류장 내실 3개소,,반달가슴곰 모니터링
832,국립공원연구원,6,생태학습장 C동 내실,반달가슴곰 계류장 내실 6개소,,반달가슴곰 모니터링
833,국립공원연구원,4,생태학습장 D동 내실,반달가슴곰 계류장 내실 4개소,,반달가슴곰 모니터링
834,국립공원연구원,24,자연적응훈련장 야외계류장,반달가슴곰 야외계류장,,반달가슴곰 모니터링
835,국립공원연구원,1,기술원 본원 건물외벽(좌),기술원 본원 차량 출입구,시설안전 및 화재예방,청사보안
836,국립공원연구원,1,기술원 본원 건물외벽(우),기술원 본원 앞~주차장,시설안전 및 화재예방,청사보안
837,국립공원연구원,1,기술원 본원 건물외벽(우측 뒤),생태학습장 B동 앞 통행로,시설안전 및 화재예방,청사보안
838,국립공원연구원,1,의료센터-본원 사이 폴대,탐방로 도입구 ~ 본원 좌측 뒤 입구,시설안전 및 화재예방,청사보안
839,국립공원연구원,1,의료센터-본원 사이 폴대,의료센터 건물 앞 ~ 의료센터 입구,시설안전 및 화재예방,청사보안
840,국립공원연구원,1,베어숍 외벽 우측,베어숍 출입구~인도교 출입구,시설안전 및 화재예방,청사보안
841,국립공원연구원,1,생태학습장 위쪽 탐방로 데크 계단,생태학습장 B동 위쪽 탐방로,시설안전 및 화재예방,청사보안
842,국립공원연구원,1,생태학습장 A동 좌측 외벽,생태학습장 좌측 탐방로,시설안전 및 화재예방,청사보안
843,국립공원연구원,1,생태학습장 사육동 전면 외벽,생태학습장 사육동 앞 전경,시설안전 및 화재예방,청사보안
844,국립공원연구원,2,베어숍 앞/뒤 외벽,베어숍 앞/뒤 출입구,시설안전 및 화재예방,청사보안
845,국립공원연구원,2,베어숍 내부,베어숍 실내 전경,시설안전 및 화재예방,청사보안
846,국립공원연구원,4,연구원 본원 주차장,"본원 주차장 전면, 후면",시설안전 및 화재예방,시설안전 및 화재예방
847,국립공원연구원,4,"조류연구센터 사무동, 관사동 외부","사무동, 관사동 외부",범죄예방,범죄예방
848,국립공원연구원,5,유류오염연구센터 사무실 외부,사무실인근지역,범죄예방,범죄예방
849,국립공원연구원,3,유류오염연구센터 실험실 내부,실험실 내부,시설안전 및 화재예방,시설안전 및 화재예방
850,국립공원연구원,9,연구 1호,연구선 내부~외부,시설안전 및 화재예방,시설안전 및 화재예방
851,국립공원연구원,2,입원실,입원실 내부(관리개체),,입원실 관리개체 모니터링
852,국립공원연구원,1,입원실,입원실 내부(관리개체),,입원실 관리개체 모니터링
853,국립공원연구원,2,건물입구외벽,"건물 출입구(정문, 후문)",시설안전 및 화재예방,청사 보안강화 및 시설물 관리
854,국립공원연구원,8,임시계류동(실내),임시계류동 실내계류장 내부,,계류동 산양 관리개체 모니터링
855,국립공원연구원,3,임시계류동(야외),임시계류동 야외계류장 내부,,계류동 산양 관리개체 모니터링
856,국립공원연구원,1,임시계류동(야외),임시계류동 야외계류장 내부,,계류동 산양 관리개체 모니터링
857,국립공원연구원,2,계류장,계류장 내부,,계류장 산양 관리개체 모니터링
858,국립공원연구원,4,계류장,계류장 내부,,계류장 산양 관리개체 모니터링
859,국립공원연구원,5,신규계류동,신규계류동 계류장 내부,,계류장 산양 관리개체 모니터링
860,국립공원연구원,1,신규계류동,신규계류동 출입구~복도,,계류장 산양 관리개체 모니터링
861,국립공원연구원,2,입원실,입원실 내부(관리개체),,입원실 관리개체 모니터링
862,국립공원연구원,1,진료실,인큐베이터 내부(관리개체),,진료실 관리개체 모니터링
863,국립공원연구원,1,출입로(정문),출입로 정문 일대,시설안전 및 화재예방,청사 보안강화 및 시설물 관리
864,국립공원연구원,1,출입로(후문),출입로 후문 일대,시설안전 및 화재예방,청사 보안강화 및 시설물 관리
865,국립공원연구원,1,출입로(우측),출입로 우측 일대,시설안전 및 화재예방,청사 보안강화 및 시설물 관리
866,국립공원연구원,1,1층 로비,1층 로비 내부,시설안전 및 화재예방,청사 보안강화 및 시설물 관리
867,국립공원연구원,1,생태학습장 관찰대,생태학습장 일대,,관리 개체 모니터링
868,국립공원연구원,1,생태학습장 관찰대,생태학습장 일대,,관리 개체 모니터링
869,국립공원연구원,1,생태학습장 A동,생태학습장 일대,,관리 개체 모니터링
870,국립공원연구원,6,자연적응훈련장,적응장 일대,,관리 개체 모니터링
871,국립공원연구원,3,자연적응훈련장,"적응장 A1, 2",,관리 개체 모니터링
872,국립공원연구원,10,생태학습장(번식장),번식동 내부,,관리 개체 모니터링
873,국립공원연구원,13,생태학습장,생태학습장 일대,,관리 개체 모니터링
874,국립공원연구원,29,자연적응훈련장,적응장 일대,,관리 개체 모니터링
875,국립공원연구원,3,탐방안내소,"안내소 내, 외부",시설안전 및 화재예방,청사보안
876,국립공원연구원,10,자연적응훈련장,적응장 일대,,관리 개체 모니터링
877,국립공원연구원,5,자연적응훈련장,적응장 일대,,관리 개체 모니터링
878,국립공원연구원,1,관리동 건물외벽,관리동 뒷편,시설안전 및 화재예방,청사보안
879,국립공원연구원,1,관리동 건물내벽,2층 관사 입구,시설안전 및 화재예방,청사보안
880,국립공원연구원,1,한지형 온실외벽,한지형온실입구~센터 출입구 사이,시설안전 및 화재예방,청사보안
881,국립공원연구원,1,한지형 온실외벽,한지형온실입구~연구동 정문 사이,시설안전 및 화재예방,청사보안
882,국립공원연구원,1,연구동 건물외벽,연구동 정문 주변,시설안전 및 화재예방,청사보안
883,국립공원연구원,1,연구동 건물외벽,연구동 뒤편 묘포장,시설안전 및 화재예방,청사보안
884,국립공원연구원,1,연구동 건물외벽,고압배전반 주변,시설안전 및 화재예방,청사보안
885,국립공원연구원,1,난지형 온실외벽,난지형 온실 입구~휴게실 사이,시설안전 및 화재예방,청사보안
886,국립공원연구원,1,난지형 온실외벽,난지형 온실 입구~아고산대 온실 사이,시설안전 및 화재예방,청사보안
887,국립공원연구원,1,난지형 온실내천장,난지형 온실 내부,시설안전 및 화재예방,청사보안
888,국립공원연구원,3,조류장,조류장 내부,,개체 모니터링
889,국립공원연구원,3,조류비행장,조류비행장 내부,,개체 모니터링
890,국립공원연구원,15,실내계류장,실내계류장 내부,,개체 모니터링
891,국립공원연구원,8,포유류계류장,포유류계류장 내부,,개체 모니터링
892,국립공원연구원,3,입원동,입원동 내부,,개체 모니터링
893,국립공원연구원,3,입원실,입원실 내부,,개체 모니터링
894,북한산생태탐방원,31,탐방원 내외부,"시설외부, 내부통로",시설안전 및 화재예방,시설안전 및 화재예방 감시
895,지리산생태탐방원,39,화엄사로 402-25 일원,탐방원 일원,시설안전 및 화재예방,"청사보안, 화재예방, 범죄예방 등"
896,설악산생태탐방원,1,탐방원 외부,주진입로-1,시설안전 및 화재예방,시설안전 및 화재예방
897,설악산생태탐방원,1,탐방원 외부,주진입로-2,시설안전 및 화재예방,시설안전 및 화재예방
898,설악산생태탐방원,1,탐방원 외부,야외주차장,시설안전 및 화재예방,시설안전 및 화재예방
899,설악산생태탐방원,1,탐방원 외부,생활관 출입구,시설안전 및 화재예방,시설안전 및 화재예방
900,설악산생태탐방원,1,탐방원 내부,강의동 주출입구홀-1(1F),시설안전 및 화재예방,시설안전 및 화재예방
901,설악산생태탐방원,1,탐방원 내부,강의동 주출입구홀-2(1F),시설안전 및 화재예방,시설안전 및 화재예방
902,설악산생태탐방원,1,탐방원 내부,강의동 부출입구홀(1F),시설안전 및 화재예방,시설안전 및 화재예방
903,설악산생태탐방원,1,탐방원 내부,강의동 주출입구홀(2F),시설안전 및 화재예방,시설안전 및 화재예방
904,설악산생태탐방원,1,탐방원 내부,강의동 부출입구홀(2F),시설안전 및 화재예방,시설안전 및 화재예방
905,설악산생태탐방원,1,탐방원 내부,생활관 2F(205호에서 E/V방향 통로),시설안전 및 화재예방,시설안전 및 화재예방
906,설악산생태탐방원,1,탐방원 내부,생활관 1F 여가실 앞,시설안전 및 화재예방,시설안전 및 화재예방
907,설악산생태탐방원,1,탐방원 내부,생활관 2F(201호 주변통로),시설안전 및 화재예방,시설안전 및 화재예방
908,설악산생태탐방원,1,탐방원 내부,생활관 1F(101호 주변통로),시설안전 및 화재예방,시설안전 및 화재예방
909,설악산생태탐방원,1,탐방원 내부,생활관 1F 부출입구 주변,시설안전 및 화재예방,시설안전 및 화재예방
910,설악산생태탐방원,1,탐방원 내부,생활관 2F(205호~211호 방향 복도),시설안전 및 화재예방,시설안전 및 화재예방
911,설악산생태탐방원,1,탐방원 내부,생활관 1F(103호 주변 복도),시설안전 및 화재예방,시설안전 및 화재예방
912,설악산생태탐방원,1,탐방원 내부,생활관 1F(107호 주변 복도),시설안전 및 화재예방,시설안전 및 화재예방
913,설악산생태탐방원,1,탐방원 내부,생활관 2F(주출입구 로비),시설안전 및 화재예방,시설안전 및 화재예방
914,설악산생태탐방원,1,탐방원 내부,생활관 2F(부출입구 로비),시설안전 및 화재예방,시설안전 및 화재예방
915,설악산생태탐방원,1,탐방원 내부,생활관 B1F(E/V앞 로비),시설안전 및 화재예방,시설안전 및 화재예방
916,설악산생태탐방원,1,탐방원 내부,생활관 1F(주출입구 로비),시설안전 및 화재예방,시설안전 및 화재예방
917,소백산생태탐방원,1,주진입로-1,탐방원 외부,시설안전 및 화재예방,청사보안
918,소백산생태탐방원,1,주진입로-2,탐방원 외부,시설안전 및 화재예방,청사보안
919,소백산생태탐방원,1,야외주차장,탐방원 외부,시설안전 및 화재예방,청사보안
920,소백산생태탐방원,1,야외계단 입구,탐방원 외부,시설안전 및 화재예방,청사보안
921,소백산생태탐방원,1,야외정원 입구,탐방원 외부,시설안전 및 화재예방,청사보안
922,소백산생태탐방원,1,야외정원-1,탐방원 외부,시설안전 및 화재예방,청사보안
923,소백산생태탐방원,1,야외정원-2,탐방원 외부,시설안전 및 화재예방,청사보안
924,소백산생태탐방원,1,야외정원-3,탐방원 외부,시설안전 및 화재예방,청사보안
925,소백산생태탐방원,1,인공암벽장,탐방원 외부,시설안전 및 화재예방,청사보안
926,소백산생태탐방원,1,하늘정원 입구,탐방원 외부,시설안전 및 화재예방,청사보안
927,소백산생태탐방원,1,지하주차장 입구,탐방원 내부,시설안전 및 화재예방,청사보안
928,소백산생태탐방원,1,지하주차장-1,탐방원 내부,시설안전 및 화재예방,청사보안
929,소백산생태탐방원,1,지하주차장-2,탐방원 내부,시설안전 및 화재예방,청사보안
930,소백산생태탐방원,1,기계실 입구,탐방원 내부,시설안전 및 화재예방,청사보안
931,소백산생태탐방원,1,기계실 내부,탐방원 내부,시설안전 및 화재예방,청사보안
932,소백산생태탐방원,1,지하로비 입구,탐방원 내부,시설안전 및 화재예방,청사보안
933,소백산생태탐방원,1,지하후문 입구,탐방원 내부,시설안전 및 화재예방,청사보안
934,소백산생태탐방원,1,지하엘리베이터 입구,탐방원 내부,시설안전 및 화재예방,청사보안
935,소백산생태탐방원,1,식당,탐방원 내부,시설안전 및 화재예방,청사보안
936,소백산생태탐방원,1,1층 로비 입구,탐방원 내부,시설안전 및 화재예방,청사보안
937,소백산생태탐방원,1,1층 야외공영장 입구,탐방원 내부,시설안전 및 화재예방,청사보안
938,소백산생태탐방원,1,1층 계단 입구,탐방원 내부,시설안전 및 화재예방,청사보안
939,소백산생태탐방원,1,1층 후문 입구,탐방원 내부,시설안전 및 화재예방,청사보안
940,소백산생태탐방원,1,2층 정문 입구,탐방원 내부,시설안전 및 화재예방,청사보안
941,소백산생태탐방원,1,2층 후문입구,탐방원 내부,시설안전 및 화재예방,청사보안
942,소백산생태탐방원,1,2층 엘리베이터 입구,탐방원 내부,시설안전 및 화재예방,청사보안
943,소백산생태탐방원,1,천문돔 내부,탐방원 내부,시설안전 및 화재예방,청사보안
944,한려해상생태탐방원,17,한려해상생태탐방원,생태탐방원 시설물 일대,시설안전 및 화재예방,"탐방원 시설 보안, 안전, 화재예방"
945,한려해상생태탐방원,5,한려해상생태탐방원,생태탐방원 시설물 일대,시설안전 및 화재예방,"탐방원 시설 보안, 안전, 화재예방"
946,한려해상생태탐방원,5,한려해상생태탐방원,생태탐방원 시설물 일대,시설안전 및 화재예방,"탐방원 시설 보안, 안전, 화재예방"
947,가야산생태탐방원,18,생태탐방원 일원,생태탐방원 일원,시설안전 및 화재예방,청사보안 및 화재예방 등 이용객 안전관리
948,무등산생태탐방원,1,엘리베이터 내부,엘리베이터 내부,시설안전 및 화재예방,청사보안 및 이용객 안전 등
949,무등산생태탐방원,1,탐방원 차량 출입구,탐방원 차량 출입구,시설안전 및 화재예방,청사보안 및 이용객 안전 등
950,무등산생태탐방원,1,주차장-1,주차장,시설안전 및 화재예방,청사보안 및 이용객 안전 등
951,무등산생태탐방원,1,주차장-2,주차장,시설안전 및 화재예방,청사보안 및 이용객 안전 등
952,무등산생태탐방원,1,본관 2층 입구,본관 2층 입구,시설안전 및 화재예방,청사보안 및 이용객 안전 등
953,무등산생태탐방원,1,2층 강의실 복도,2층 강의실 복도,시설안전 및 화재예방,청사보안 및 이용객 안전 등
954,무등산생태탐방원,1,2층 필로티공간-1,2층 필로티공간,시설안전 및 화재예방,청사보안 및 이용객 안전 등
955,무등산생태탐방원,1,2층 필로티공간-2,2층 필로티공간,시설안전 및 화재예방,청사보안 및 이용객 안전 등
956,무등산생태탐방원,1,2층 사무실 입구,2층 사무실 입구,시설안전 및 화재예방,청사보안 및 이용객 안전 등
957,무등산생태탐방원,1,2층 사무실 복도,2층 사무실 복도,시설안전 및 화재예방,청사보안 및 이용객 안전 등
958,무등산생태탐방원,1,주차장,1층 로비,시설안전 및 화재예방,청사보안 및 이용객 안전 등
959,무등산생태탐방원,1,1층 로비-2,1층 로비,시설안전 및 화재예방,청사보안 및 이용객 안전 등
960,무등산생태탐방원,1,1층 로비-3,1층 로비,시설안전 및 화재예방,청사보안 및 이용객 안전 등
961,무등산생태탐방원,1,1층 카페,1층 카페,시설안전 및 화재예방,청사보안 및 이용객 안전 등
962,무등산생태탐방원,1,1층 체험실 입구,1층 체험실 입구,시설안전 및 화재예방,청사보안 및 이용객 안전 등
963,무등산생태탐방원,1,1층 복도,1층 복도,시설안전 및 화재예방,청사보안 및 이용객 안전 등
964,무등산생태탐방원,1,숙박동 입구,숙박동 입구,시설안전 및 화재예방,청사보안 및 이용객 안전 등
965,무등산생태탐방원,1,숙박동 휴게공간-1,숙박동 휴게공간,시설안전 및 화재예방,청사보안 및 이용객 안전 등
966,무등산생태탐방원,1,숙박동 휴게공간-2,숙박동 휴게공간,시설안전 및 화재예방,청사보안 및 이용객 안전 등
967,무등산생태탐방원,1,숙박동 복도,숙박동 복도,시설안전 및 화재예방,청사보안 및 이용객 안전 등
968,무등산생태탐방원,1,3층 옥상 입구,3층 옥상 입구,시설안전 및 화재예방,청사보안 및 이용객 안전 등
969,무등산생태탐방원,1,옥상-1,옥상,시설안전 및 화재예방,청사보안 및 이용객 안전 등
970,무등산생태탐방원,1,옥상-2,옥상,시설안전 및 화재예방,청사보안 및 이용객 안전 등
971,무등산생태탐방원,1,옥상-3,옥상,시설안전 및 화재예방,청사보안 및 이용객 안전 등
972,무등산생태탐방원,1,식당,식당,시설안전 및 화재예방,청사보안 및 이용객 안전 등
973,무등산생태탐방원,1,인공암벽장,인공암벽장,시설안전 및 화재예방,청사보안 및 이용객 안전 등
974,무등산생태탐방원,1,본관 1층 입구(외부),본관 1층 입구(외부),시설안전 및 화재예방,청사보안 및 이용객 안전 등
975,무등산생태탐방원,1,숙박동 앞,숙박동 앞,시설안전 및 화재예방,청사보안 및 이용객 안전 등
976,무등산생태탐방원,1,숙박동 옆,숙박동 옆,시설안전 및 화재예방,청사보안 및 이용객 안전 등
977,무등산생태탐방원,1,숙박동 뒤,숙박동 뒤,시설안전 및 화재예방,청사보안 및 이용객 안전 등
978,무등산생태탐방원,1,1층 카페(외부),1층 카페(외부),시설안전 및 화재예방,청사보안 및 이용객 안전 등
979,무등산생태탐방원,1,야외공연장-1,야외공연장,시설안전 및 화재예방,청사보안 및 이용객 안전 등
980,무등산생태탐방원,1,숙박동 후면 주차장-1,숙박동 후면 주차장,시설안전 및 화재예방,청사보안 및 이용객 안전 등
981,무등산생태탐방원,1,야외공연장-2,야외공연장,시설안전 및 화재예방,청사보안 및 이용객 안전 등
982,무등산생태탐방원,1,숙박동 후면 주차장-2,숙박동 후면 주차장,시설안전 및 화재예방,청사보안 및 이용객 안전 등
983,무등산생태탐방원,1,숙박동 후면 주차장-3,숙박동 후면 주차장,시설안전 및 화재예방,청사보안 및 이용객 안전 등
984,내장산탐방원,24,"탐방원 내,외부 일원","탐방원 내,외부 일원",시설안전 및 화재예방,청사보안
985,내장산탐방원,5,"탐방원 내,외부 일원","탐방원 내,외부 일원",시설안전 및 화재예방,청사보안
986,소백산북부,1,을전 탐방로 입구,을전 탐방로 입구,시설안전 및 화재예방,탐방객 안전사고 및 범죄예방
987,소백산북부,1,천동 탐방로 입구,천동탐방로 입구,시설안전 및 화재예방,탐방객 안전사고 및 범죄예방
988,소백산북부,3,죽령분소,죽령분소 일원,시설안전 및 화재예방,시설안전 및 화재예방
989,소백산북부,10,남천야영장,남천야영장 일원,시설안전 및 화재예방,시설안전 및 화재예방
990,소백산북부,8,제2연화봉대피소,대피소 일원,시설안전 및 화재예방,시설안전 및 화재예방
991,소백산북부,1,양방산전망대,단양 일원,시설안전 및 화재예방,시설안전 및 화재예방
992,소백산북부,1,제2연화봉대피소,죽령지구,시설안전 및 화재예방,시설안전 및 화재예방
993,소백산북부,1,어의곡 주차장,어의곡 지구,시설안전 및 화재예방,시설안전 및 화재예방
994,소백산북부,1,사동유원지 주차장,사동리 일원,시설안전 및 화재예방,시설안전 및 화재예방
995,소백산북부,1,어의곡 탐방로 입구,어의곡 탐방로 입구,시설안전 및 화재예방,시설안전 및 화재예방
996,소백산북부,1,을전 탐방로 입구,을전 탐방로 입구,시설안전 및 화재예방,시설안전 및 화재예방
997,소백산북부,1,죽령탐방지원센터 입구,죽령탐방지원센터 입구,시설안전 및 화재예방,시설안전 및 화재예방
998,소백산북부,1,천동 탐방지원센터,천동 탐방지원센터,시설안전 및 화재예방,시설안전 및 화재예방
999,소백산북부,1,천동 탐방로 입구,천동 탐방로 입구,시설안전 및 화재예방,시설안전 및 화재예방
1000,소백산북부,1,천동 여자화장실입구,천동 여자화장실입구,범죄예방,범죄예방
1001,소백산북부,1,죽령탐방지원센터 입구,죽령탐방지원센터 입구,범죄예방,범죄예방
1002,소백산북부,1,천동 탐방로 입구,천동 탐방로 입구,범죄예방,범죄예방
1003,소백산북부,1,베틀재,베틀재,범죄예방,범죄예방
1004,소백산북부,1,을전 탐방로 입구,을전 탐방로 입구,범죄예방,범죄예방
1005,소백산북부,16,청사,청사,시설안전 및 화재예방,시설안전 및 화재예방
1006,소백산북부,4,청사 외부,청사 외부,시설안전 및 화재예방,시설안전 및 화재예방
1007,북한산도봉사무소,1,산정화장실,산정화장실 일원,범죄예방,탐방로 구간 범죄예방
1008,북한산도봉사무소,1,무수골입구,무수골입구 일원,시설안전 및 화재예방,산불감시
1009,북한산도봉사무소,1,북한산도봉사무소주차장,북한산도봉사무소주차장 일원,시설안전 및 화재예방,산불감시
1010,북한산도봉사무소,1,원도봉탐방지원센터,원도봉탐방지원센터 일원,시설안전 및 화재예방,산불감시
1011,북한산도봉사무소,1,회룡탐방지원센터,회룡탐방지원센터 일원,시설안전 및 화재예방,산불감시
1012,북한산도봉사무소,1,안골지킴터,안골지킴터 일원,범죄예방,탐방로 구간 범죄예방
1013,북한산도봉사무소,1,도봉분소,도봉분소 일원,범죄예방,탐방로 구간 범죄예방
1014,북한산도봉사무소,1,도봉탐방지원센터(상),도봉탐방지원센터(상),시설안전 및 화재예방,탐방로 구간 범죄예방
1015,북한산도봉사무소,1,도봉탐방지원센터(하),도봉탐방지원센터(하),시설안전 및 화재예방,탐방로 구간 범죄예방
1016,북한산도봉사무소,1,무수골통제소,무수골통제소 일원,범죄예방,탐방로 구간 범죄예방
1017,북한산도봉사무소,1,송추차량통제소,송추차량통제소 일원,범죄예방,탐방로 구간 범죄예방
1018,북한산도봉사무소,1,오봉탐방지원센터,오봉탐방지원센터 일원,시설안전 및 화재예방,탐방로 구간 범죄예방
1019,북한산도봉사무소,1,원각사 화장실,원각사 화장실 일원,범죄예방,탐방로 구간 범죄예방
1020,북한산도봉사무소,1,포대긴급피난처 내부 1,포대긴급피난처 내부 1,시설안전 및 화재예방,산불감시
1021,북한산도봉사무소,1,포대긴급피난처 내부 2,포대긴급피난처 내부 2,시설안전 및 화재예방,산불감시
1022,북한산도봉사무소,1,안말화장실,안말화장실 일원,범죄예방,탐방로 구간 범죄예방
1023,북한산도봉사무소,1,망월사화장실,망월사화장실 일원,범죄예방,탐방로 구간 범죄예방
1024,북한산도봉사무소,1,도봉대피소화장실,도봉대피소화장실 일원,범죄예방,탐방로 구간 범죄예방
1025,북한산도봉사무소,1,범골지킴터,범골지킴터 일원,시설안전 및 화재예방,탐방로 구간 범죄예방
1026,북한산도봉사무소,1,다락원지킴터,다락원지킴터 일원,시설안전 및 화재예방,탐방로 구간 범죄예방
1027,북한산도봉사무소,1,교현탐방지원센터,교현탐방지원센터 일원,시설안전 및 화재예방,탐방로 구간 범죄예방
1028,북한산도봉사무소,1,선인산악훈련장,선인봉 및 선인산악훈련장 일원,시설안전 및 화재예방,산불감시
1029,북한산도봉사무소,1,송추주차장 1,송추 주차장 입구 및 송추계곡입구,시설안전 및 화재예방,주차장 사고 예방
1030,북한산도봉사무소,1,송추주차장 2,송추 주차장 입구 및 송추계곡입구,시설안전 및 화재예방,주차장 사고 예방
1031,북한산도봉사무소,1,우이령 정상,우이령 일원,시설안전 및 화재예방,산불감시
1032,북한산도봉사무소,1,서원터,서원터 일원,시설안전 및 화재예방,산불감시
1033,북한산도봉사무소,1,윗무수골통제소,윗무수골통제소 일원,시설안전 및 화재예방,탐방로 구간 범죄예방
1034,북한산도봉사무소,1,도봉 소공원화장실,도봉 소공원화장실 일원,범죄예방,자원모니터링
1035,북한산도봉사무소,1,범골지킴터,범골지킴터 일원,범죄예방,자원모니터링
1036,북한산도봉사무소,1,다락원지킴터,다락원지킴터 일원,범죄예방,자원모니터링
1037,북한산도봉사무소,1,우이령 정상,우이령 정상 일원,범죄예방,자원모니터링
1038,북한산도봉사무소,1,보루길,보루길 일원,범죄예방,자원모니터링
1039,북한산도봉사무소,1,송추 석굴암,송추 석굴암 일원,범죄예방,자원모니터링
1040,북한산도봉사무소,1,북한산도봉사무소 내부,사무소 입구,시설안전 및 화재예방,청사보안
1041,북한산도봉사무소,6,송추분소,분소입구 및 내부,시설안전 및 화재예방,청사보안
1042,북한산도봉사무소,12,"송추1,2 주차장",송추주차장 일원,시설안전 및 화재예방,주차장 사고 예방
1043,북한산도봉사무소,4,도봉분소사무실 내부,분소입구 및 내부,시설안전 및 화재예방,청사보안
1044,북한산도봉사무소,5,선인대피소,선인대피소 일원,시설안전 및 화재예방,산불감시
1045,북한산도봉사무소,1,송추계곡,송추계곡,시설안전 및 화재예방,탐방로 구간 범죄예방
1046,가야산사무소,1,용문폭포,용문폭포 일원,시설안전 및 화재예방,"무인계도, 감시"
1047,가야산사무소,1,낙화담,낙화담 일원,시설안전 및 화재예방,"무인계도, 감시"
1048,가야산사무소,1,칠성대,칠성대 일원,시설안전 및 화재예방,"무인계도, 감시"
1049,가야산사무소,1,상왕봉 아래,한라송이풀 특별보호구역 입구,범죄예방,멸종위기종 보호
1050,한려동부사무소,12,연화주차장,연화주차장 일대,시설안전 및 화재예방,산불감시
1051,한려동부사무소,11,학동자동차야영장,학동자동차야영장 일대,시설안전 및 화재예방,산불감시
1052,한려동부사무소,1,비진도 공중화장실,비진도 공중화장실 일대,범죄예방,산불감시
1053,한려동부사무소,1,산양분소,산양분소 일대,시설안전 및 화재예방,산불감시
1054,한려동부사무소,2,거제분소,거제분소 일대,시설안전 및 화재예방,산불감시
1055,한려동부사무소,2,한산분소,한산분소 일대,시설안전 및 화재예방,산불감시
1056,한려동부사무소,3,한려해상동부사무소,본사무소 일대,시설안전 및 화재예방,산불감시
1057,한려동부사무소,1,달아공원 현수막 게시대 옆,달아공원 일대,범죄예방,산불감시
1058,한려동부사무소,1,연대도 마을회관,연대도 마을회관 일대,범죄예방,산불감시
1059,한려동부사무소,2,한산도 덮을개,한산도 덮을개 일대,범죄예방,산불감시
1060,한려동부사무소,1,"바다백리길(산호길, 미인전망대)","산호길, 미인전망대 일원",범죄예방,무인계도
1061,한려동부사무소,1,"바다백리길(해품길, 장군봉)","해품길, 장군봉 일원",범죄예방,무인계도
1062,한려동부사무소,1,"바다백리길(등대길, 소매물도 쉼터)","등대길, 소매물도 쉼터 일원",범죄예방,무인계도
1063,한려동부사무소,1,"바다백리길(산호길, 선유봉)","산호길, 선유봉 일원",범죄예방,무인계도
1064,한려동부사무소,1,해안선 출입금지구역 송도,해안선 출입금지구역 송도,범죄예방,무인계도
1065,한려동부사무소,1,해안선 출입금지구역 송도,해안선 출입금지구역 송도,범죄예방,무인계도
1066,한려동부사무소,1,학동몽돌해변,학동몽돌해변 일대,범죄예방,산불감시
1067,한려동부사무소,1,소고포 탐방로 입구,소고포 탐방로 입구 일대,범죄예방,산불감시
1068,한려동부사무소,1,저구삼거리(망산),저구삼거리(망산) 일대,범죄예방,산불감시
1069,한려동부사무소,1,명사 탐방로입구,명사 탐방로입구 일대,범죄예방,산불감시
1070,한려동부사무소,1,홍포마을 탐방로 입구,홍포마을 탐방로 입구 일대,범죄예방,산불감시
1071,한려동부사무소,1,저구삼거리(가라산),저구삼거리(가라산) 일대,범죄예방,산불감시
1072,한려동부사무소,1,학동고개,학동고개 일대,범죄예방,산불감시
1073,한려동부사무소,1,학동마을 위,학동마을 위 일대,범죄예방,산불감시
1074,한려동부사무소,1,내촐 탐방로 입구,내촐 탐방로 입구 일대,범죄예방,산불감시
1075,한려동부사무소,1,망치마을,망치마을 일대,범죄예방,산불감시
1076,한려동부사무소,1,구조라마을,구조라마을 일대,범죄예방,산불감시
1077,한려동부사무소,1,망양마을,망양마을 일대,범죄예방,산불감시
1078,한려동부사무소,1,동부정수장 1,동부정수장 1 일대,범죄예방,산불감시
1079,한려동부사무소,1,동부정수장 2,동부정수장 2 일대,범죄예방,산불감시
1080,한려동부사무소,1,U2기지초입부,U2기지초입부 일대,범죄예방,산불감시
1081,한려동부사무소,1,예구마을,예구마을 일대,범죄예방,산불감시
1082,한려동부사무소,1,일운마을위,일운마을위 일대,범죄예방,산불감시
1083,한려동부사무소,1,공고지 입구,공고지 입구 일대,범죄예방,산불감시
1084,한려동부사무소,1,바람의 언덕,바람의 언덕 일대,범죄예방,산불감시
1085,한려동부사무소,1,달아공원 화장실,달아공원 화장실 일대,범죄예방,산불감시
1086,한려동부사무소,1,비진도마을화장실,비진도마을화장실 일대,범죄예방,산불감시
1087,한려동부사무소,1,구조라입구화장실,구조라입구화장실 일대,범죄예방,산불감시
1088,한려동부사무소,1,구조라중앙화장실,구조라중앙화장실 일대,범죄예방,산불감시
1089,한려동부사무소,1,학동중앙화장실(숙소),학동중앙화장실(숙소) 일대,범죄예방,산불감시
1090,한려동부사무소,1,학동솔밭화장실(서편),학동솔밭화장실(서편) 일대,범죄예방,산불감시
1091,한려동부사무소,1,구망 화장실,구망 화장실 일대,범죄예방,산불감시
1092,한려동부사무소,1,비진도 화장실,비진도 화장실 일대,범죄예방,산불감시
1093,한려동부사무소,1,도장포화장실,도장포화장실 일대,범죄예방,산불감시
1094,한려동부사무소,1,함목 화장실,함목 화장실 일대,범죄예방,산불감시
1095,한려동부사무소,1,해금강 화장실,해금강 화장실 일대,범죄예방,산불감시
1096,한려동부사무소,1,학동주차장 화장실(몽돌),학동주차장 화장실(몽돌) 일대,범죄예방,산불감시
1097,한려동부사무소,1,한산도 화장실,한산도 화장실 일대,범죄예방,산불감시
1098,한려동부사무소,1,학동야영장 화장실/샤워장(철콘),학동야영장 화장실/샤워장(철콘) 일대,범죄예방,산불감시
1099,한려동부사무소,1,학동야영장 화장실/샤워장(모바일),학동야영장 화장실/샤워장(모바일) 일대,범죄예방,산불감시
1100,한려동부사무소,1,지심도 공중 화장실,지심도 공중 화장실 일대,범죄예방,산불감시
1101,한려동부사무소,1,추원해변,추원해변 일대,시설안전 및 화재예방,산불감시
1102,한려동부사무소,1,봉암해변,봉암해변 일대,시설안전 및 화재예방,산불감시
1103,한려동부사무소,1,비진도센터 앞,비진도센터 일대,시설안전 및 화재예방,산불감시
1104,한려동부사무소,1,만지도탐방로입구,만지도탐방로 일대,시설안전 및 화재예방,산불감시
1105,한려동부사무소,1,함목해변,함목해변 일대,시설안전 및 화재예방,산불감시
1106,한려동부사무소,1,북병산 통신탑,북병산 일대,시설안전 및 화재예방,산불감시
1107,한려동부사무소,1,산양읍 문어포,문어포 일대,시설안전 및 화재예방,산불감시
1108,한려동부사무소,1,산양읍 신전리,신전리 일대,시설안전 및 화재예방,산불감시
1109,한려동부사무소,1,달아공원,달아공원 일대,시설안전 및 화재예방,산불감시
1110,내장산사무소,7,내장주차장 내 차량 이동구간,내장주차장 내 차량 이동구간,시설안전 및 화재예방,시설안전 및 화재예방
1111,내장산사무소,7,봉룡주차장 내 차량 이동구간,봉룡주차장 내 차량 이동구간,시설안전 및 화재예방,시설안전 및 화재예방
1112,내장산사무소,4,야영장주차장 내 차량 이동구간,야영장주차장 내 차량 이동구간,시설안전 및 화재예방,시설안전 및 화재예방
1113,내장산사무소,3,생태공원 및 네이처센터 내,생태공원 및 네이처센터 내,시설안전 및 화재예방,시설안전 및 화재예방
1114,내장산사무소,1,"만화, 등천리 일원","만화, 등천리 일원",시설안전 및 화재예방,시설안전 및 화재예방
1115,내장산사무소,1,"대가, 신선봉 일원","대가, 신선봉 일원",시설안전 및 화재예방,시설안전 및 화재예방
1116,내장산사무소,4,야영장 영지 내,야영장 영지 내,범죄예방,범죄예방
1117,내장산사무소,4,사무소 출입문,사무소 출입문,범죄예방,범죄예방
1118,내장산사무소,1,탐방로,탐방로,시설안전 및 화재예방,시설안전 및 화재예방
1119,내장산사무소,1,탐방로,탐방로,시설안전 및 화재예방,시설안전 및 화재예방
1120,내장산사무소,1,탐방로,탐방로,시설안전 및 화재예방,시설안전 및 화재예방
1121,내장산사무소,1,탐방로,탐방로,시설안전 및 화재예방,시설안전 및 화재예방
1122,내장산사무소,1,탐방로,탐방로,시설안전 및 화재예방,시설안전 및 화재예방
1123,내장산사무소,1,화장실,화장실,시설안전 및 화재예방,시설안전 및 화재예방
1124,내장산사무소,1,화장실,화장실,시설안전 및 화재예방,시설안전 및 화재예방
1125,내장산사무소,1,화장실,화장실,시설안전 및 화재예방,시설안전 및 화재예방
1126,내장산사무소,1,화장실,화장실,시설안전 및 화재예방,시설안전 및 화재예방
1127,내장산사무소,1,화장실,화장실,시설안전 및 화재예방,시설안전 및 화재예방
1128,내장산사무소,1,화장실,화장실,시설안전 및 화재예방,시설안전 및 화재예방
1129,내장산사무소,1,화장실,화장실,시설안전 및 화재예방,시설안전 및 화재예방
1130,내장산사무소,1,화장실,화장실,시설안전 및 화재예방,시설안전 및 화재예방
1131,내장산사무소,1,화장실,화장실,시설안전 및 화재예방,시설안전 및 화재예방
1132,내장산사무소,1,화장실,화장실,시설안전 및 화재예방,시설안전 및 화재예방
1133,내장산사무소,1,화장실,화장실,시설안전 및 화재예방,시설안전 및 화재예방
1134,내장산사무소,1,불출봉능선 일대,불출봉능선 일대,범죄예방,범죄예방
1135,내장산사무소,1,내장호 후문 일대,내장호 후문 일대,범죄예방,범죄예방
1136,내장산사무소,2,봉룡주차장 내 차량 이동구간,봉룡주차장 내 차량 이동구간,시설안전 및 화재예방,시설안전 및 화재예방
1137,내장산사무소,2,야영장주차장 내 차량 이동구간,야영장주차장 내 차량 이동구간,시설안전 및 화재예방,시설안전 및 화재예방
1138,내장산사무소,9,내장산사무소 내외,내장산사무소 내외,시설안전 및 화재예방,시설안전 및 화재예방
1139,내장산사무소,1,금선계곡 입구,금선계곡 입구,시설안전 및 화재예방,시설안전 및 화재예방
1140,내장산사무소,1,원적계곡 입구,원적계곡 입구,시설안전 및 화재예방,시설안전 및 화재예방
1141,내장산사무소,1,케이블카 상부,케이블카 상부,시설안전 및 화재예방,시설안전 및 화재예방
1142,내장산사무소,1,동구리 탐방로 입구,동구리 탐방로 입구,시설안전 및 화재예방,시설안전 및 화재예방
1143,내장산사무소,1,대가 탐방로 입구,대가 탐방로 입구,시설안전 및 화재예방,시설안전 및 화재예방
1144,내장산사무소,6,네이처센터 내부,네이처센터 내부,시설안전 및 화재예방,시설안전 및 화재예방
1145,내장산사무소,4,야영장 일대,야영장 일대,시설안전 및 화재예방,시설안전 및 화재예방
1146,북한산사무소,3,구기분소 진입로,구기분소 주변,범죄예방,범죄예방
1147,북한산사무소,22,산성1주차장,산성1주차장,범죄예방,범죄예방
1148,북한산사무소,10,산성2주차장,산성2주차장,범죄예방,범죄예방
1149,북한산사무소,2,산성분소,산성분소,범죄예방,범죄예방
1150,북한산사무소,2,우이분소,우이분소,범죄예방,범죄예방
1151,북한산사무소,1,평창공원지킴터 약 200m 상단,20미터 이내,범죄예방,무인계도
1152,북한산사무소,1,솔고개 상장능선 입구,20미터 이내,범죄예방,무인계도
1153,북한산사무소,1,백운대피소 앞,백운대피소 앞,범죄예방,무인계도
1154,북한산사무소,1,인수대피소 뒤,인수대피소 뒤,범죄예방,무인계도
1155,북한산사무소,1,평창공원지킴터 약 300m 상단,인수야영장 하단,범죄예방,무인계도
1156,북한산사무소,1,망바위,인수봉,시설안전 및 화재예방,안전사고 예방
1157,북한산사무소,1,평창공원지킴터,평창공원지킴터 입구 100m이내,시설안전 및 화재예방,산불감시
1158,북한산사무소,1,승가공원지킴터,승가공원지킴터 입구,시설안전 및 화재예방,산불감시
1159,북한산사무소,1,대호아파트 뒤,대호아파트 뒤,시설안전 및 화재예방,산불감시
1160,북한산사무소,1,탕춘대공원지킴터,,시설안전 및 화재예방,산불감시
1161,북한산사무소,1,우이령탐방지원센터,우이령탐방로 입구,범죄예방,범죄예방 및 시설물관리
1162,북한산사무소,1,구기터널공원지킴터,구기터널공원지킴터 일원 100m이내,시설안전 및 화재예방,산불감시
1163,북한산사무소,1,비봉탐방지원센터,비봉탐방지원센터 100m이내,시설안전 및 화재예방,산불감시
1164,북한산사무소,1,용화1공원지킴터,용화1공원지킴터 일원 100m이내,시설안전 및 화재예방,산불감시
1165,북한산사무소,1,불광공원지킴터,불광공원지킴터 일원 100m이내,시설안전 및 화재예방,산불감시
1166,북한산사무소,1,정진공원지킴터,정진공원지킴터 일원 100m이내,시설안전 및 화재예방,산불감시
1167,북한산사무소,1,선림공원지킴터,선림공원지킴터 일원 100m이내,시설안전 및 화재예방,산불감시
1168,북한산사무소,1,냉골공원지킴터,냉골공원지킴터 일원 100m이내,시설안전 및 화재예방,산불감시
1169,북한산사무소,1,화계공원지킴터,화계공원지킴터 일원 100m이내,시설안전 및 화재예방,산불감시
1170,북한산사무소,1,정릉계곡입구 일원,정릉계곡입구 일원 100m이내,시설안전 및 화재예방,산불감시
1171,북한산사무소,1,(구)형제봉공원지킴터,(구)형제봉공원지킴터 일원 100m이내,시설안전 및 화재예방,산불감시
1172,북한산사무소,1,북악공원지킴터,북악공원지킴터 일원 100m이내,시설안전 및 화재예방,산불감시
1173,북한산사무소,1,밤골공원지킴터,밤골공원지킴터 일원 100m이내,시설안전 및 화재예방,산불감시
1174,북한산사무소,1,사기막공원지킴터,사기막공원지킴터 일원 100m이내,시설안전 및 화재예방,산불감시
1175,북한산사무소,1,효자비입구,효자비 일원 100m이내,시설안전 및 화재예방,산불감시
1176,북한산사무소,1,아카데미지원센터,아카데미지원센터 일원 100m이내,시설안전 및 화재예방,산불감시
1177,북한산사무소,1,운가공원지킴터,운가공원공원지킴터 일원 100m이내,시설안전 및 화재예방,산불감시
1178,북한산사무소,1,백련공원지킴터,백련공원지킴터 일원 100m이내,시설안전 및 화재예방,산불감시
1179,북한산사무소,1,도선사광장주차장,도선사광장지킴터 100m이내,시설안전 및 화재예방,산불감시
1180,북한산사무소,1,(구)우이암매표소,(구)우이암매표소 일원 100m이내,시설안전 및 화재예방,산불감시
1181,북한산사무소,1,북한산성화장실,화장실 입구,시설안전 및 화재예방,산불감시
1182,북한산사무소,1,삼천골화장실,화장실 입구,시설안전 및 화재예방,산불감시
1183,북한산사무소,1,수구문화장실,화장실 입구,시설안전 및 화재예방,산불감시
1184,북한산사무소,1,북한동화장실,화장실 입구,시설안전 및 화재예방,산불감시
1185,북한산사무소,1,구기화장실,화장실 입구,시설안전 및 화재예방,산불감시
1186,북한산사무소,1,청수화장실,화장실 입구,시설안전 및 화재예방,산불감시
1187,북한산사무소,1,빨래골화장실,화장실 입구,시설안전 및 화재예방,산불감시
1188,북한산사무소,1,범골화장실,화장실 입구,시설안전 및 화재예방,산불감시
1189,북한산사무소,1,우이둘레길화장실,화장실 입구,시설안전 및 화재예방,산불감시
1190,북한산사무소,1,우이광장화장실,화장실 입구,시설안전 및 화재예방,산불감시
1191,북한산사무소,1,산성탐방지원센터,산성탐방지원센터,범죄예방,범죄예방 및 시설물관리
1192,북한산사무소,1,삼천탐방지원센터,삼천탐방지원센터,범죄예방,범죄예방 및 시설물관리
1193,북한산사무소,1,구기탐방지원센터,구기탐방지원센터,범죄예방,범죄예방 및 시설물관리
1194,북한산사무소,1,백운탐방지원센터,백운탐방지원센터,범죄예방,범죄예방 및 시설물관리
1195,북한산사무소,1,정릉탐방지원센터,정릉탐방지원센터,범죄예방,범죄예방 및 시설물관리
1196,북한산사무소,1,칼바위공원지킴터,칼바위공원지킴터,범죄예방,범죄예방 및 시설물관리
1197,북한산사무소,1,빨래골공원지킴터,빨래골공원지킴터,범죄예방,범죄예방 및 시설물관리
1198,북한산사무소,1,수유분소,수유분소,범죄예방,범죄예방 및 시설물관리
1199,북한산사무소,1,백운탐방지원센터 화장실,백운탐방지원센터 화장실,범죄예방,범죄예방 및 시설물관리
1200,북한산사무소,1,백운대,백운대,시설안전 및 화재예방,산불감시
1201,북한산사무소,1,인수봉(고정),인수봉(고정),시설안전 및 화재예방,산불감시
1202,북한산사무소,1,인수봉(회전),인수봉(회전),시설안전 및 화재예방,산불감시
1203,북한산사무소,1,산성주차장,의상능선 ,시설안전 및 화재예방,산불감시
1204,북한산사무소,1,보현봉,보현봉 ,시설안전 및 화재예방,산불감시
1205,북한산사무소,1,족두리봉,족두리봉,시설안전 및 화재예방,산불감시
1206,북한산사무소,1,칼바위,칼바위,시설안전 및 화재예방,산불감시
1207,북한산사무소,1,용출봉,용출봉,시설안전 및 화재예방,산불감시
1208,북한산사무소,1,오투빌딩,오투빌딩,시설안전 및 화재예방,산불감시
1209,북한산사무소,1,숨은벽,숨은벽,시설안전 및 화재예방,산불감시
1210,북한산사무소,2,인수대피소,인수대피소,범죄예방,범죄예방 및 시설물관리
1211,북한산사무소,2,정릉 탐방안내소 별관,30미터 이내,시설안전 및 화재예방,범죄예방
1212,북한산사무소,2,정릉 탐방안내소 별관,20미터 이내,,범죄예방
1213,북한산사무소,2,정릉사무소,정릉사무소,범죄예방,범죄예방
1214,북한산사무소,10,정릉주차장,정릉주차장,시설안전 및 화재예방,범죄예방
1215,치악산사무소,1,금대분소 입구,금대분소 입구,시설안전 및 화재예방,시설안전
1216,치악산사무소,1,입석사 탐방로 입구,탐방로 입구,시설안전 및 화재예방,시설안전
1217,치악산사무소,1,보문사 탐방로 입구,탐방로 입구,시설안전 및 화재예방,시설안전
1218,치악산사무소,1,행구탐방지원센터,탐방지원센터 일대,시설안전 및 화재예방,시설안전
1219,치악산사무소,1,곧은재탐방지원센터,탐방지원센터 일대,시설안전 및 화재예방,시설안전
1220,치악산사무소,1,황골탐방지원센터,탐방지원센터 일대,시설안전 및 화재예방,시설안전
1221,치악산사무소,1,성남탐방지원센터,탐방지원센터 일대,시설안전 및 화재예방,시설안전
1222,치악산사무소,1,부곡탐방지원센터,탐방지원센터 일대,시설안전 및 화재예방,시설안전
1223,치악산사무소,1,세렴교(학곡리 산34),세렴교 일원,범죄예방,무인계도
1224,치악산사무소,1,전재(우천면 오원리 산174-1),전재 일원,범죄예방,무인계도
1225,치악산사무소,11,구룡주차장,구룡주차장 일대,시설안전 및 화재예방,시설안전
1226,치악산사무소,1,신흥동화장실,신흥동 회차장 일대,시설안전 및 화재예방,시설안전
1227,치악산사무소,1,부석골 입구(강림면 부곡리 1064-2),부석골 입구 일원,범죄예방,무인계도
1228,치악산사무소,1,전재(안흥면 안흥리 산 190-11),전재 일원,범죄예방,무인계도
1229,치악산사무소,1,입석사 화장실,화장실 주출입구,범죄예방,시설안전
1230,치악산사무소,2,금대야영장,야영장 일대,시설안전 및 화재예방,시설안전
1231,치악산사무소,1,사무소 입구,사무소출입구,시설안전 및 화재예방,시설안전
1232,치악산사무소,1,행구탐방지원센터,탐방로 일대,시설안전 및 화재예방,시설안전
1233,치악산사무소,1,성남탐방지원센터,탐방로 일대,시설안전 및 화재예방,시설안전
1234,치악산사무소,1,황골탐방지원센터,탐방로 일대,시설안전 및 화재예방,시설안전
1235,치악산사무소,2,대곡안전센터,탐방로 일대,시설안전 및 화재예방,시설안전
1236,치악산사무소,18,황골주차장,주출입구 및 주요 장소 전반,범죄예방,시설안전
1237,치악산사무소,1,구룡여성화장실,화장실 주출입구,범죄예방,시설안전
1238,치악산사무소,1,비로봉(정산 부곡방면),비로봉 일원,범죄예방,무인계도
1239,치악산사무소,1,동악단(행구동 산1031-1),동악단 일원,범죄예방,무인계도
1240,치악산사무소,6,구룡야영장,야영장 일대,시설안전 및 화재예방,산불감시
1241,치악산사무소,4,금대야영장,야영장 일대,시설안전 및 화재예방,산불감시
1242,치악산사무소,1,강림전파기지국,부곡능선 일대,시설안전 및 화재예방,산불감시
1243,치악산사무소,1,안흥전파기지국,안흥능선 일대,시설안전 및 화재예방,산불감시
1244,치악산사무소,1,우천전파기지국,우천능선 일대,시설안전 및 화재예방,산불감시
1245,치악산사무소,1,황골전파기지국,황골 삼거리일대,시설안전 및 화재예방,산불감시
1246,치악산사무소,1,상원사 화장실,상원사 일대,시설안전 및 화재예방,시설안전
1247,치악산사무소,1,부곡탐방지원센터,탐방로 일대,시설안전 및 화재예방,시설안전
1248,치악산사무소,1,곧은재탐방지원센터,탐방로 일대,시설안전 및 화재예방,시설안전
1249,치악산사무소,1,부곡저수지(부곡리 산203-1),부곡저수지 일원,범죄예방,무인계도
1250,치악산사무소,1,국형사,국형사 일원,범죄예방,무인계도
1251,치악산사무소,1,새두둑(제일참숯-삼봉하단),새두둑 일원,범죄예방,무인계도
1252,내장산백암사무소,1,장성군 북하면 약수리 산 115-1,약사암 입구 일원,범죄예방,무인계도 및 산불감시
1253,내장산백암사무소,1,장성군 북하면 약수리 16-2,쌍계루 일원,범죄예방,무인계도 및 산불감시
1254,내장산백암사무소,1,장성군 북하면 약수리 593-1,일광정 일원,범죄예방,무인계도 및 산불감시
1255,내장산백암사무소,1,장성군 북하면 약수리 108,가인야영장 일원,범죄예방,무인계도 및 산불감시
1256,내장산백암사무소,1,장성군 북하면 약수리 산13-5,백양탐방지원센터 일원,범죄예방,무인계도 및 산불감시
1257,내장산백암사무소,1,장성군 북하면 신성리 산1-28,남창탐방로 일원,범죄예방,무인계도 및 산불감시
1258,내장산백암사무소,1,남창지구 자하동계곡,자하동 특별보호구 출입금지구역,범죄예방,무인계도 및 산불감시
1259,내장산백암사무소,1,남창지구 은선동 계곡,은선동 특별보호구 출입금지구역,범죄예방,무인계도 및 산불감시
1260,내장산백암사무소,1,장성군 북하면 약수리 산115-1번지 임,약사암~백학봉 탐방로 입구,범죄예방,무인계도 및 산불감시
1261,내장산백암사무소,1,장성군 북하면 약수리 산13-1번지 임,가인마을~청류암탐방로 입구,범죄예방,무인계도 및 산불감시
1262,내장산백암사무소,1,장성군 북하면 약수리15-1번지,곡두재 자연관찰로 입구,범죄예방,무인계도 및 산불감시
1263,내장산백암사무소,1,장성군 북하면 신성리444번지,남창탐방지원센터 입구,범죄예방,무인계도 및 산불감시
1264,내장산백암사무소,1,장성군 북하면 약수리 148-3,일주문화장실 입구,범죄예방,무인계도 및 산불감시
1265,내장산백암사무소,1,장성군 북하면 약수리 138-2,가인화장실 입구,범죄예방,무인계도 및 산불감시
1266,내장산백암사무소,1,장성군 북하면 약수리 16,쌍계루화장실 입구,범죄예방,무인계도 및 산불감시
1267,내장산백암사무소,1,장성군 북하면 약수리 21,청량원화장실 입구,범죄예방,무인계도 및 산불감시
1268,내장산백암사무소,1,장성군 북하면 신성리 427-2,남창주차장화장실 입구,범죄예방,무인계도 및 산불감시
1269,내장산백암사무소,1,장성군 북하면 신성리 314,자하동화장실 입구,범죄예방,무인계도 및 산불감시
1270,내장산백암사무소,1,장성군 북하면 약수리 119-1,박물관화장실 입구,범죄예방,무인계도 및 산불감시
1271,내장산백암사무소,1,전북 정읍시 신정동 산192번지,반경5km내외,시설안전 및 화재예방,무인계도 및 산불감시
1272,내장산백암사무소,1,전남 장성군 북하면 약수리 산13-1,반경5km내외,시설안전 및 화재예방,무인계도 및 산불감시
1273,내장산백암사무소,1,전남 장성군 북이면 사거리 산44-13,반경5km내외,시설안전 및 화재예방,무인계도 및 산불감시
1274,내장산백암사무소,1,전남 장성군 북하면 약수리119-2,반경5km내외,시설안전 및 화재예방,무인계도 및 산불감시
1275,내장산백암사무소,6,사무소,사무소,범죄예방,청사보안
1276,내장산백암사무소,1,가인야영장,야영장 진입부,범죄예방,야영장 출입구 진출입 차량 및 탐방객 확인
1277,내장산백암사무소,1,새재화장실,새재화장실 입구,범죄예방,무인계도 및 산불감시
1278,내장산백암사무소,6,가인주차장,가인주차장 일원,범죄예방,주차장 출입구 진출입 차량 및 탐방객 확인
1279,내장산백암사무소,10,남창주차장 및 남창분소 외부,남창분소 및 남창주차장 일원,시설안전 및 화재예방,"청사보안, 주차장 출입구 진출입 차량 및 탐방객 확인"
